sample_id,dataset,included_in_final_metadata,analytical_label,batch_alias,source_title,source_name,tissue,disease_state,tumor_type,treatment,patient_id,patient_group_id,patient_id_status,historical_exclusion_reason,raw_characteristics,source_file,source_sha256
GSM7784472,GSE243375,False,,,100_Residual_Disease,Breast tumor tissue,Breast tumor tissue,early-stage HER2-positive breast cancer,,T-DM1+Pertuzumab,100,GSE243375:100,reported,unknown,"[""tissue: Breast tumor tissue"", ""disease state: early-stage HER2-positive breast cancer"", ""genotype: WT"", ""treatment: T-DM1+Pertuzumab"", ""patient id: 100"", ""her2 heterogeneity: No"", ""pcr: No""]",Data/Raw/GSE243375/GSE243375_series_matrix.txt,afa138141f53a5f5fc6f09364e0fb9d28ecbb395de22318db12f9624e0d1961c
GSM7784473,GSE243375,False,,,100_site1_core2,Breast tumor tissue,Breast tumor tissue,early-stage HER2-positive breast cancer,,Pre-treatment,100,GSE243375:100,reported,unknown,"[""tissue: Breast tumor tissue"", ""disease state: early-stage HER2-positive breast cancer"", ""genotype: WT"", ""treatment: Pre-treatment"", ""patient id: 100"", ""her2 heterogeneity: No"", ""pcr: No""]",Data/Raw/GSE243375/GSE243375_series_matrix.txt,afa138141f53a5f5fc6f09364e0fb9d28ecbb395de22318db12f9624e0d1961c
GSM7784474,GSE243375,True,HER2+,study3,100_site2_core1,Breast tumor tissue,Breast tumor tissue,early-stage HER2-positive breast cancer,,Pre-treatment,100,GSE243375:100,reported,,"[""tissue: Breast tumor tissue"", ""disease state: early-stage HER2-positive breast cancer"", ""genotype: WT"", ""treatment: Pre-treatment"", ""patient id: 100"", ""her2 heterogeneity: No"", ""pcr: No""]",Data/Raw/GSE243375/GSE243375_series_matrix.txt,afa138141f53a5f5fc6f09364e0fb9d28ecbb395de22318db12f9624e0d1961c
GSM7784475,GSE243375,False,,,101_site1_core2,Breast tumor tissue,Breast tumor tissue,early-stage HER2-positive breast cancer,,Pre-treatment,101,GSE243375:101,reported,unknown,"[""tissue: Breast tumor tissue"", ""disease state: early-stage HER2-positive breast cancer"", ""genotype: WT"", ""treatment: Pre-treatment"", ""patient id: 101"", ""her2 heterogeneity: No"", ""pcr: No""]",Data/Raw/GSE243375/GSE243375_series_matrix.txt,afa138141f53a5f5fc6f09364e0fb9d28ecbb395de22318db12f9624e0d1961c
GSM7784476,GSE243375,False,,,101_site2_core1,Breast tumor tissue,Breast tumor tissue,early-stage HER2-positive breast cancer,,Pre-treatment,101,GSE243375:101,reported,unknown,"[""tissue: Breast tumor tissue"", ""disease state: early-stage HER2-positive breast cancer"", ""genotype: WT"", ""treatment: Pre-treatment"", ""patient id: 101"", ""her2 heterogeneity: No"", ""pcr: No""]",Data/Raw/GSE243375/GSE243375_series_matrix.txt,afa138141f53a5f5fc6f09364e0fb9d28ecbb395de22318db12f9624e0d1961c
GSM7784477,GSE243375,False,,,102_Residual_Disease,Breast tumor tissue,Breast tumor tissue,early-stage HER2-positive breast cancer,,T-DM1+Pertuzumab,102,GSE243375:102,reported,unknown,"[""tissue: Breast tumor tissue"", ""disease state: early-stage HER2-positive breast cancer"", ""genotype: WT"", ""treatment: T-DM1+Pertuzumab"", ""patient id: 102"", ""her2 heterogeneity: No"", ""pcr: No""]",Data/Raw/GSE243375/GSE243375_series_matrix.txt,afa138141f53a5f5fc6f09364e0fb9d28ecbb395de22318db12f9624e0d1961c
GSM7784478,GSE243375,True,HER2+,study3,102_site1_core1,Breast tumor tissue,Breast tumor tissue,early-stage HER2-positive breast cancer,,Pre-treatment,102,GSE243375:102,reported,,"[""tissue: Breast tumor tissue"", ""disease state: early-stage HER2-positive breast cancer"", ""genotype: WT"", ""treatment: Pre-treatment"", ""patient id: 102"", ""her2 heterogeneity: No"", ""pcr: No""]",Data/Raw/GSE243375/GSE243375_series_matrix.txt,afa138141f53a5f5fc6f09364e0fb9d28ecbb395de22318db12f9624e0d1961c
GSM7784479,GSE243375,True,HER2+,study3,102_site2_core1,Breast tumor tissue,Breast tumor tissue,early-stage HER2-positive breast cancer,,Pre-treatment,102,GSE243375:102,reported,,"[""tissue: Breast tumor tissue"", ""disease state: early-stage HER2-positive breast cancer"", ""genotype: WT"", ""treatment: Pre-treatment"", ""patient id: 102"", ""her2 heterogeneity: No"", ""pcr: No""]",Data/Raw/GSE243375/GSE243375_series_matrix.txt,afa138141f53a5f5fc6f09364e0fb9d28ecbb395de22318db12f9624e0d1961c
GSM7784480,GSE243375,False,,,103_Residual_Disease,Breast tumor tissue,Breast tumor tissue,early-stage HER2-positive breast cancer,,T-DM1+Pertuzumab,103,GSE243375:103,reported,unknown,"[""tissue: Breast tumor tissue"", ""disease state: early-stage HER2-positive breast cancer"", ""genotype: WT"", ""treatment: T-DM1+Pertuzumab"", ""patient id: 103"", ""her2 heterogeneity: No"", ""pcr: No""]",Data/Raw/GSE243375/GSE243375_series_matrix.txt,afa138141f53a5f5fc6f09364e0fb9d28ecbb395de22318db12f9624e0d1961c
GSM7784481,GSE243375,True,HER2+,study3,103_site1_core2,Breast tumor tissue,Breast tumor tissue,early-stage HER2-positive breast cancer,,Pre-treatment,103,GSE243375:103,reported,,"[""tissue: Breast tumor tissue"", ""disease state: early-stage HER2-positive breast cancer"", ""genotype: WT"", ""treatment: Pre-treatment"", ""patient id: 103"", ""her2 heterogeneity: No"", ""pcr: No""]",Data/Raw/GSE243375/GSE243375_series_matrix.txt,afa138141f53a5f5fc6f09364e0fb9d28ecbb395de22318db12f9624e0d1961c
GSM7784482,GSE243375,True,HER2+,study3,103_site2_core2,Breast tumor tissue,Breast tumor tissue,early-stage HER2-positive breast cancer,,Pre-treatment,103,GSE243375:103,reported,,"[""tissue: Breast tumor tissue"", ""disease state: early-stage HER2-positive breast cancer"", ""genotype: WT"", ""treatment: Pre-treatment"", ""patient id: 103"", ""her2 heterogeneity: No"", ""pcr: No""]",Data/Raw/GSE243375/GSE243375_series_matrix.txt,afa138141f53a5f5fc6f09364e0fb9d28ecbb395de22318db12f9624e0d1961c
GSM7784483,GSE243375,False,,,104_site1_core2,Breast tumor tissue,Breast tumor tissue,early-stage HER2-positive breast cancer,,Pre-treatment,104,GSE243375:104,reported,unknown,"[""tissue: Breast tumor tissue"", ""disease state: early-stage HER2-positive breast cancer"", ""genotype: WT"", ""treatment: Pre-treatment"", ""patient id: 104"", ""her2 heterogeneity: Yes"", ""pcr: No""]",Data/Raw/GSE243375/GSE243375_series_matrix.txt,afa138141f53a5f5fc6f09364e0fb9d28ecbb395de22318db12f9624e0d1961c
GSM7784484,GSE243375,True,HER2+,study3,104_site2_core1,Breast tumor tissue,Breast tumor tissue,early-stage HER2-positive breast cancer,,Pre-treatment,104,GSE243375:104,reported,,"[""tissue: Breast tumor tissue"", ""disease state: early-stage HER2-positive breast cancer"", ""genotype: WT"", ""treatment: Pre-treatment"", ""patient id: 104"", ""her2 heterogeneity: Yes"", ""pcr: No""]",Data/Raw/GSE243375/GSE243375_series_matrix.txt,afa138141f53a5f5fc6f09364e0fb9d28ecbb395de22318db12f9624e0d1961c
GSM7784485,GSE243375,False,,,105_site1_core1,Breast tumor tissue,Breast tumor tissue,early-stage HER2-positive breast cancer,,Pre-treatment,105,GSE243375:105,reported,unknown,"[""tissue: Breast tumor tissue"", ""disease state: early-stage HER2-positive breast cancer"", ""genotype: WT"", ""treatment: Pre-treatment"", ""patient id: 105"", ""her2 heterogeneity: No"", ""pcr: No""]",Data/Raw/GSE243375/GSE243375_series_matrix.txt,afa138141f53a5f5fc6f09364e0fb9d28ecbb395de22318db12f9624e0d1961c
GSM7784486,GSE243375,False,,,105_site2_core2,Breast tumor tissue,Breast tumor tissue,early-stage HER2-positive breast cancer,,Pre-treatment,105,GSE243375:105,reported,unknown,"[""tissue: Breast tumor tissue"", ""disease state: early-stage HER2-positive breast cancer"", ""genotype: WT"", ""treatment: Pre-treatment"", ""patient id: 105"", ""her2 heterogeneity: No"", ""pcr: No""]",Data/Raw/GSE243375/GSE243375_series_matrix.txt,afa138141f53a5f5fc6f09364e0fb9d28ecbb395de22318db12f9624e0d1961c
GSM7784487,GSE243375,False,,,106_site2_core2,Breast tumor tissue,Breast tumor tissue,early-stage HER2-positive breast cancer,,Pre-treatment,106,GSE243375:106,reported,unknown,"[""tissue: Breast tumor tissue"", ""disease state: early-stage HER2-positive breast cancer"", ""genotype: WT"", ""treatment: Pre-treatment"", ""patient id: 106"", ""her2 heterogeneity: No"", ""pcr: Yes""]",Data/Raw/GSE243375/GSE243375_series_matrix.txt,afa138141f53a5f5fc6f09364e0fb9d28ecbb395de22318db12f9624e0d1961c
GSM7784488,GSE243375,False,,,108_site1_core1,Breast tumor tissue,Breast tumor tissue,early-stage HER2-positive breast cancer,,Pre-treatment,108,GSE243375:108,reported,unknown,"[""tissue: Breast tumor tissue"", ""disease state: early-stage HER2-positive breast cancer"", ""genotype: WT"", ""treatment: Pre-treatment"", ""patient id: 108"", ""her2 heterogeneity: No"", ""pcr: Yes""]",Data/Raw/GSE243375/GSE243375_series_matrix.txt,afa138141f53a5f5fc6f09364e0fb9d28ecbb395de22318db12f9624e0d1961c
GSM7784489,GSE243375,False,,,108_site2_core1,Breast tumor tissue,Breast tumor tissue,early-stage HER2-positive breast cancer,,Pre-treatment,108,GSE243375:108,reported,unknown,"[""tissue: Breast tumor tissue"", ""disease state: early-stage HER2-positive breast cancer"", ""genotype: WT"", ""treatment: Pre-treatment"", ""patient id: 108"", ""her2 heterogeneity: No"", ""pcr: Yes""]",Data/Raw/GSE243375/GSE243375_series_matrix.txt,afa138141f53a5f5fc6f09364e0fb9d28ecbb395de22318db12f9624e0d1961c
GSM7784490,GSE243375,False,,,109_site1_core2,Breast tumor tissue,Breast tumor tissue,early-stage HER2-positive breast cancer,,Pre-treatment,109,GSE243375:109,reported,unknown,"[""tissue: Breast tumor tissue"", ""disease state: early-stage HER2-positive breast cancer"", ""genotype: WT"", ""treatment: Pre-treatment"", ""patient id: 109"", ""her2 heterogeneity: No"", ""pcr: Yes""]",Data/Raw/GSE243375/GSE243375_series_matrix.txt,afa138141f53a5f5fc6f09364e0fb9d28ecbb395de22318db12f9624e0d1961c
GSM7784491,GSE243375,True,HER2+,study3,109_site2_core1,Breast tumor tissue,Breast tumor tissue,early-stage HER2-positive breast cancer,,Pre-treatment,109,GSE243375:109,reported,,"[""tissue: Breast tumor tissue"", ""disease state: early-stage HER2-positive breast cancer"", ""genotype: WT"", ""treatment: Pre-treatment"", ""patient id: 109"", ""her2 heterogeneity: No"", ""pcr: Yes""]",Data/Raw/GSE243375/GSE243375_series_matrix.txt,afa138141f53a5f5fc6f09364e0fb9d28ecbb395de22318db12f9624e0d1961c
GSM7784492,GSE243375,False,,,110_Residual_Disease,Breast tumor tissue,Breast tumor tissue,early-stage HER2-positive breast cancer,,T-DM1+Pertuzumab,110,GSE243375:110,reported,unknown,"[""tissue: Breast tumor tissue"", ""disease state: early-stage HER2-positive breast cancer"", ""genotype: WT"", ""treatment: T-DM1+Pertuzumab"", ""patient id: 110"", ""her2 heterogeneity: No"", ""pcr: No""]",Data/Raw/GSE243375/GSE243375_series_matrix.txt,afa138141f53a5f5fc6f09364e0fb9d28ecbb395de22318db12f9624e0d1961c
GSM7784493,GSE243375,True,HER2+,study3,110_site1_core2,Breast tumor tissue,Breast tumor tissue,early-stage HER2-positive breast cancer,,Pre-treatment,110,GSE243375:110,reported,,"[""tissue: Breast tumor tissue"", ""disease state: early-stage HER2-positive breast cancer"", ""genotype: WT"", ""treatment: Pre-treatment"", ""patient id: 110"", ""her2 heterogeneity: No"", ""pcr: No""]",Data/Raw/GSE243375/GSE243375_series_matrix.txt,afa138141f53a5f5fc6f09364e0fb9d28ecbb395de22318db12f9624e0d1961c
GSM7784494,GSE243375,True,HER2+,study3,110_site2_core2,Breast tumor tissue,Breast tumor tissue,early-stage HER2-positive breast cancer,,Pre-treatment,110,GSE243375:110,reported,,"[""tissue: Breast tumor tissue"", ""disease state: early-stage HER2-positive breast cancer"", ""genotype: WT"", ""treatment: Pre-treatment"", ""patient id: 110"", ""her2 heterogeneity: No"", ""pcr: No""]",Data/Raw/GSE243375/GSE243375_series_matrix.txt,afa138141f53a5f5fc6f09364e0fb9d28ecbb395de22318db12f9624e0d1961c
GSM7784495,GSE243375,False,,,111_site1_core2,Breast tumor tissue,Breast tumor tissue,early-stage HER2-positive breast cancer,,Pre-treatment,111,GSE243375:111,reported,unknown,"[""tissue: Breast tumor tissue"", ""disease state: early-stage HER2-positive breast cancer"", ""genotype: WT"", ""treatment: Pre-treatment"", ""patient id: 111"", ""her2 heterogeneity: No"", ""pcr: Yes""]",Data/Raw/GSE243375/GSE243375_series_matrix.txt,afa138141f53a5f5fc6f09364e0fb9d28ecbb395de22318db12f9624e0d1961c
GSM7784496,GSE243375,False,,,111_site2_core1,Breast tumor tissue,Breast tumor tissue,early-stage HER2-positive breast cancer,,Pre-treatment,111,GSE243375:111,reported,unknown,"[""tissue: Breast tumor tissue"", ""disease state: early-stage HER2-positive breast cancer"", ""genotype: WT"", ""treatment: Pre-treatment"", ""patient id: 111"", ""her2 heterogeneity: No"", ""pcr: Yes""]",Data/Raw/GSE243375/GSE243375_series_matrix.txt,afa138141f53a5f5fc6f09364e0fb9d28ecbb395de22318db12f9624e0d1961c
GSM7784497,GSE243375,False,,,113_site1_core2,Breast tumor tissue,Breast tumor tissue,early-stage HER2-positive breast cancer,,Pre-treatment,113,GSE243375:113,reported,unknown,"[""tissue: Breast tumor tissue"", ""disease state: early-stage HER2-positive breast cancer"", ""genotype: WT"", ""treatment: Pre-treatment"", ""patient id: 113"", ""her2 heterogeneity: No"", ""pcr: Yes""]",Data/Raw/GSE243375/GSE243375_series_matrix.txt,afa138141f53a5f5fc6f09364e0fb9d28ecbb395de22318db12f9624e0d1961c
GSM7784498,GSE243375,False,,,113_site2_core1,Breast tumor tissue,Breast tumor tissue,early-stage HER2-positive breast cancer,,Pre-treatment,113,GSE243375:113,reported,unknown,"[""tissue: Breast tumor tissue"", ""disease state: early-stage HER2-positive breast cancer"", ""genotype: WT"", ""treatment: Pre-treatment"", ""patient id: 113"", ""her2 heterogeneity: No"", ""pcr: Yes""]",Data/Raw/GSE243375/GSE243375_series_matrix.txt,afa138141f53a5f5fc6f09364e0fb9d28ecbb395de22318db12f9624e0d1961c
GSM7784499,GSE243375,True,HER2+,study3,114_site1_core2,Breast tumor tissue,Breast tumor tissue,early-stage HER2-positive breast cancer,,Pre-treatment,114,GSE243375:114,reported,,"[""tissue: Breast tumor tissue"", ""disease state: early-stage HER2-positive breast cancer"", ""genotype: WT"", ""treatment: Pre-treatment"", ""patient id: 114"", ""her2 heterogeneity: No"", ""pcr: Yes""]",Data/Raw/GSE243375/GSE243375_series_matrix.txt,afa138141f53a5f5fc6f09364e0fb9d28ecbb395de22318db12f9624e0d1961c
GSM7784500,GSE243375,True,HER2+,study3,114_site2_core1,Breast tumor tissue,Breast tumor tissue,early-stage HER2-positive breast cancer,,Pre-treatment,114,GSE243375:114,reported,,"[""tissue: Breast tumor tissue"", ""disease state: early-stage HER2-positive breast cancer"", ""genotype: WT"", ""treatment: Pre-treatment"", ""patient id: 114"", ""her2 heterogeneity: No"", ""pcr: Yes""]",Data/Raw/GSE243375/GSE243375_series_matrix.txt,afa138141f53a5f5fc6f09364e0fb9d28ecbb395de22318db12f9624e0d1961c
GSM7784501,GSE243375,True,HER2+,study3,115_site1_core1,Breast tumor tissue,Breast tumor tissue,early-stage HER2-positive breast cancer,,Pre-treatment,115,GSE243375:115,reported,,"[""tissue: Breast tumor tissue"", ""disease state: early-stage HER2-positive breast cancer"", ""genotype: WT"", ""treatment: Pre-treatment"", ""patient id: 115"", ""her2 heterogeneity: No"", ""pcr: No""]",Data/Raw/GSE243375/GSE243375_series_matrix.txt,afa138141f53a5f5fc6f09364e0fb9d28ecbb395de22318db12f9624e0d1961c
GSM7784502,GSE243375,True,HER2+,study3,115_site2_core2,Breast tumor tissue,Breast tumor tissue,early-stage HER2-positive breast cancer,,Pre-treatment,115,GSE243375:115,reported,,"[""tissue: Breast tumor tissue"", ""disease state: early-stage HER2-positive breast cancer"", ""genotype: WT"", ""treatment: Pre-treatment"", ""patient id: 115"", ""her2 heterogeneity: No"", ""pcr: No""]",Data/Raw/GSE243375/GSE243375_series_matrix.txt,afa138141f53a5f5fc6f09364e0fb9d28ecbb395de22318db12f9624e0d1961c
GSM7784503,GSE243375,False,,,116_Residual_Disease,Breast tumor tissue,Breast tumor tissue,early-stage HER2-positive breast cancer,,T-DM1+Pertuzumab,116,GSE243375:116,reported,unknown,"[""tissue: Breast tumor tissue"", ""disease state: early-stage HER2-positive breast cancer"", ""genotype: WT"", ""treatment: T-DM1+Pertuzumab"", ""patient id: 116"", ""her2 heterogeneity: No"", ""pcr: No""]",Data/Raw/GSE243375/GSE243375_series_matrix.txt,afa138141f53a5f5fc6f09364e0fb9d28ecbb395de22318db12f9624e0d1961c
GSM7784504,GSE243375,False,,,116_site1_core2,Breast tumor tissue,Breast tumor tissue,early-stage HER2-positive breast cancer,,Pre-treatment,116,GSE243375:116,reported,unknown,"[""tissue: Breast tumor tissue"", ""disease state: early-stage HER2-positive breast cancer"", ""genotype: WT"", ""treatment: Pre-treatment"", ""patient id: 116"", ""her2 heterogeneity: No"", ""pcr: No""]",Data/Raw/GSE243375/GSE243375_series_matrix.txt,afa138141f53a5f5fc6f09364e0fb9d28ecbb395de22318db12f9624e0d1961c
GSM7784505,GSE243375,False,,,116_site2_core2,Breast tumor tissue,Breast tumor tissue,early-stage HER2-positive breast cancer,,Pre-treatment,116,GSE243375:116,reported,unknown,"[""tissue: Breast tumor tissue"", ""disease state: early-stage HER2-positive breast cancer"", ""genotype: WT"", ""treatment: Pre-treatment"", ""patient id: 116"", ""her2 heterogeneity: No"", ""pcr: No""]",Data/Raw/GSE243375/GSE243375_series_matrix.txt,afa138141f53a5f5fc6f09364e0fb9d28ecbb395de22318db12f9624e0d1961c
GSM7784506,GSE243375,True,HER2+,study3,117_site1_core2,Breast tumor tissue,Breast tumor tissue,early-stage HER2-positive breast cancer,,Pre-treatment,117,GSE243375:117,reported,,"[""tissue: Breast tumor tissue"", ""disease state: early-stage HER2-positive breast cancer"", ""genotype: WT"", ""treatment: Pre-treatment"", ""patient id: 117"", ""her2 heterogeneity: No"", ""pcr: Yes""]",Data/Raw/GSE243375/GSE243375_series_matrix.txt,afa138141f53a5f5fc6f09364e0fb9d28ecbb395de22318db12f9624e0d1961c
GSM7784507,GSE243375,True,HER2+,study3,117_site2_core2,Breast tumor tissue,Breast tumor tissue,early-stage HER2-positive breast cancer,,Pre-treatment,117,GSE243375:117,reported,,"[""tissue: Breast tumor tissue"", ""disease state: early-stage HER2-positive breast cancer"", ""genotype: WT"", ""treatment: Pre-treatment"", ""patient id: 117"", ""her2 heterogeneity: No"", ""pcr: Yes""]",Data/Raw/GSE243375/GSE243375_series_matrix.txt,afa138141f53a5f5fc6f09364e0fb9d28ecbb395de22318db12f9624e0d1961c
GSM7784508,GSE243375,True,HER2+,study3,118_site1_core1,Breast tumor tissue,Breast tumor tissue,early-stage HER2-positive breast cancer,,Pre-treatment,118,GSE243375:118,reported,,"[""tissue: Breast tumor tissue"", ""disease state: early-stage HER2-positive breast cancer"", ""genotype: WT"", ""treatment: Pre-treatment"", ""patient id: 118"", ""her2 heterogeneity: No"", ""pcr: Yes""]",Data/Raw/GSE243375/GSE243375_series_matrix.txt,afa138141f53a5f5fc6f09364e0fb9d28ecbb395de22318db12f9624e0d1961c
GSM7784509,GSE243375,True,HER2+,study3,118_site2_core2,Breast tumor tissue,Breast tumor tissue,early-stage HER2-positive breast cancer,,Pre-treatment,118,GSE243375:118,reported,,"[""tissue: Breast tumor tissue"", ""disease state: early-stage HER2-positive breast cancer"", ""genotype: WT"", ""treatment: Pre-treatment"", ""patient id: 118"", ""her2 heterogeneity: No"", ""pcr: Yes""]",Data/Raw/GSE243375/GSE243375_series_matrix.txt,afa138141f53a5f5fc6f09364e0fb9d28ecbb395de22318db12f9624e0d1961c
GSM7784510,GSE243375,False,,,119_site2_core2,Breast tumor tissue,Breast tumor tissue,early-stage HER2-positive breast cancer,,Pre-treatment,119,GSE243375:119,reported,unknown,"[""tissue: Breast tumor tissue"", ""disease state: early-stage HER2-positive breast cancer"", ""genotype: WT"", ""treatment: Pre-treatment"", ""patient id: 119"", ""her2 heterogeneity: No"", ""pcr: Yes""]",Data/Raw/GSE243375/GSE243375_series_matrix.txt,afa138141f53a5f5fc6f09364e0fb9d28ecbb395de22318db12f9624e0d1961c
GSM7784511,GSE243375,True,HER2+,study3,120_site1_core1,Breast tumor tissue,Breast tumor tissue,early-stage HER2-positive breast cancer,,Pre-treatment,120,GSE243375:120,reported,,"[""tissue: Breast tumor tissue"", ""disease state: early-stage HER2-positive breast cancer"", ""genotype: WT"", ""treatment: Pre-treatment"", ""patient id: 120"", ""her2 heterogeneity: No"", ""pcr: Yes""]",Data/Raw/GSE243375/GSE243375_series_matrix.txt,afa138141f53a5f5fc6f09364e0fb9d28ecbb395de22318db12f9624e0d1961c
GSM7784512,GSE243375,True,HER2+,study3,120_site2_core1,Breast tumor tissue,Breast tumor tissue,early-stage HER2-positive breast cancer,,Pre-treatment,120,GSE243375:120,reported,,"[""tissue: Breast tumor tissue"", ""disease state: early-stage HER2-positive breast cancer"", ""genotype: WT"", ""treatment: Pre-treatment"", ""patient id: 120"", ""her2 heterogeneity: No"", ""pcr: Yes""]",Data/Raw/GSE243375/GSE243375_series_matrix.txt,afa138141f53a5f5fc6f09364e0fb9d28ecbb395de22318db12f9624e0d1961c
GSM7784513,GSE243375,False,,,121_Residual_Disease,Breast tumor tissue,Breast tumor tissue,early-stage HER2-positive breast cancer,,T-DM1+Pertuzumab,121,GSE243375:121,reported,unknown,"[""tissue: Breast tumor tissue"", ""disease state: early-stage HER2-positive breast cancer"", ""genotype: WT"", ""treatment: T-DM1+Pertuzumab"", ""patient id: 121"", ""her2 heterogeneity: No"", ""pcr: No""]",Data/Raw/GSE243375/GSE243375_series_matrix.txt,afa138141f53a5f5fc6f09364e0fb9d28ecbb395de22318db12f9624e0d1961c
GSM7784514,GSE243375,True,HER2+,study3,121_site1_core1,Breast tumor tissue,Breast tumor tissue,early-stage HER2-positive breast cancer,,Pre-treatment,121,GSE243375:121,reported,,"[""tissue: Breast tumor tissue"", ""disease state: early-stage HER2-positive breast cancer"", ""genotype: WT"", ""treatment: Pre-treatment"", ""patient id: 121"", ""her2 heterogeneity: Yes"", ""pcr: No""]",Data/Raw/GSE243375/GSE243375_series_matrix.txt,afa138141f53a5f5fc6f09364e0fb9d28ecbb395de22318db12f9624e0d1961c
GSM7784515,GSE243375,True,HER2+,study3,121_site2_core2,Breast tumor tissue,Breast tumor tissue,early-stage HER2-positive breast cancer,,Pre-treatment,121,GSE243375:121,reported,,"[""tissue: Breast tumor tissue"", ""disease state: early-stage HER2-positive breast cancer"", ""genotype: WT"", ""treatment: Pre-treatment"", ""patient id: 121"", ""her2 heterogeneity: Yes"", ""pcr: No""]",Data/Raw/GSE243375/GSE243375_series_matrix.txt,afa138141f53a5f5fc6f09364e0fb9d28ecbb395de22318db12f9624e0d1961c
GSM7784516,GSE243375,False,,,122_site1_core2,Breast tumor tissue,Breast tumor tissue,early-stage HER2-positive breast cancer,,Pre-treatment,122,GSE243375:122,reported,unknown,"[""tissue: Breast tumor tissue"", ""disease state: early-stage HER2-positive breast cancer"", ""genotype: WT"", ""treatment: Pre-treatment"", ""patient id: 122"", ""her2 heterogeneity: No"", ""pcr: No""]",Data/Raw/GSE243375/GSE243375_series_matrix.txt,afa138141f53a5f5fc6f09364e0fb9d28ecbb395de22318db12f9624e0d1961c
GSM7784517,GSE243375,False,,,122_site2_core1,Breast tumor tissue,Breast tumor tissue,early-stage HER2-positive breast cancer,,Pre-treatment,122,GSE243375:122,reported,unknown,"[""tissue: Breast tumor tissue"", ""disease state: early-stage HER2-positive breast cancer"", ""genotype: WT"", ""treatment: Pre-treatment"", ""patient id: 122"", ""her2 heterogeneity: No"", ""pcr: No""]",Data/Raw/GSE243375/GSE243375_series_matrix.txt,afa138141f53a5f5fc6f09364e0fb9d28ecbb395de22318db12f9624e0d1961c
GSM7784518,GSE243375,False,,,123_Residual_Disease,Breast tumor tissue,Breast tumor tissue,early-stage HER2-positive breast cancer,,T-DM1+Pertuzumab,123,GSE243375:123,reported,unknown,"[""tissue: Breast tumor tissue"", ""disease state: early-stage HER2-positive breast cancer"", ""genotype: WT"", ""treatment: T-DM1+Pertuzumab"", ""patient id: 123"", ""her2 heterogeneity: Yes"", ""pcr: No""]",Data/Raw/GSE243375/GSE243375_series_matrix.txt,afa138141f53a5f5fc6f09364e0fb9d28ecbb395de22318db12f9624e0d1961c
GSM7784519,GSE243375,True,HER2+,study3,123_site1_core1,Breast tumor tissue,Breast tumor tissue,early-stage HER2-positive breast cancer,,Pre-treatment,123,GSE243375:123,reported,,"[""tissue: Breast tumor tissue"", ""disease state: early-stage HER2-positive breast cancer"", ""genotype: WT"", ""treatment: Pre-treatment"", ""patient id: 123"", ""her2 heterogeneity: Yes"", ""pcr: No""]",Data/Raw/GSE243375/GSE243375_series_matrix.txt,afa138141f53a5f5fc6f09364e0fb9d28ecbb395de22318db12f9624e0d1961c
GSM7784520,GSE243375,True,HER2+,study3,123_site2_core1,Breast tumor tissue,Breast tumor tissue,early-stage HER2-positive breast cancer,,Pre-treatment,123,GSE243375:123,reported,,"[""tissue: Breast tumor tissue"", ""disease state: early-stage HER2-positive breast cancer"", ""genotype: WT"", ""treatment: Pre-treatment"", ""patient id: 123"", ""her2 heterogeneity: Yes"", ""pcr: No""]",Data/Raw/GSE243375/GSE243375_series_matrix.txt,afa138141f53a5f5fc6f09364e0fb9d28ecbb395de22318db12f9624e0d1961c
GSM7784521,GSE243375,False,,,124_site1_core2,Breast tumor tissue,Breast tumor tissue,early-stage HER2-positive breast cancer,,Pre-treatment,124,GSE243375:124,reported,unknown,"[""tissue: Breast tumor tissue"", ""disease state: early-stage HER2-positive breast cancer"", ""genotype: WT"", ""treatment: Pre-treatment"", ""patient id: 124"", ""her2 heterogeneity: No"", ""pcr: Yes""]",Data/Raw/GSE243375/GSE243375_series_matrix.txt,afa138141f53a5f5fc6f09364e0fb9d28ecbb395de22318db12f9624e0d1961c
GSM7784522,GSE243375,False,,,124_site2_core1,Breast tumor tissue,Breast tumor tissue,early-stage HER2-positive breast cancer,,Pre-treatment,124,GSE243375:124,reported,unknown,"[""tissue: Breast tumor tissue"", ""disease state: early-stage HER2-positive breast cancer"", ""genotype: WT"", ""treatment: Pre-treatment"", ""patient id: 124"", ""her2 heterogeneity: No"", ""pcr: Yes""]",Data/Raw/GSE243375/GSE243375_series_matrix.txt,afa138141f53a5f5fc6f09364e0fb9d28ecbb395de22318db12f9624e0d1961c
GSM7784523,GSE243375,False,,,125_Residual_Disease,Breast tumor tissue,Breast tumor tissue,early-stage HER2-positive breast cancer,,T-DM1+Pertuzumab,125,GSE243375:125,reported,unknown,"[""tissue: Breast tumor tissue"", ""disease state: early-stage HER2-positive breast cancer"", ""genotype: WT"", ""treatment: T-DM1+Pertuzumab"", ""patient id: 125"", ""her2 heterogeneity: No"", ""pcr: No""]",Data/Raw/GSE243375/GSE243375_series_matrix.txt,afa138141f53a5f5fc6f09364e0fb9d28ecbb395de22318db12f9624e0d1961c
GSM7784524,GSE243375,True,HER2+,study3,125_site1_core1,Breast tumor tissue,Breast tumor tissue,early-stage HER2-positive breast cancer,,Pre-treatment,125,GSE243375:125,reported,,"[""tissue: Breast tumor tissue"", ""disease state: early-stage HER2-positive breast cancer"", ""genotype: WT"", ""treatment: Pre-treatment"", ""patient id: 125"", ""her2 heterogeneity: No"", ""pcr: No""]",Data/Raw/GSE243375/GSE243375_series_matrix.txt,afa138141f53a5f5fc6f09364e0fb9d28ecbb395de22318db12f9624e0d1961c
GSM7784525,GSE243375,False,,,125_site2_core2,Breast tumor tissue,Breast tumor tissue,early-stage HER2-positive breast cancer,,Pre-treatment,125,GSE243375:125,reported,unknown,"[""tissue: Breast tumor tissue"", ""disease state: early-stage HER2-positive breast cancer"", ""genotype: WT"", ""treatment: Pre-treatment"", ""patient id: 125"", ""her2 heterogeneity: No"", ""pcr: No""]",Data/Raw/GSE243375/GSE243375_series_matrix.txt,afa138141f53a5f5fc6f09364e0fb9d28ecbb395de22318db12f9624e0d1961c
GSM7784526,GSE243375,False,,,126_Residual_Disease,Breast tumor tissue,Breast tumor tissue,early-stage HER2-positive breast cancer,,T-DM1+Pertuzumab,126,GSE243375:126,reported,unknown,"[""tissue: Breast tumor tissue"", ""disease state: early-stage HER2-positive breast cancer"", ""genotype: WT"", ""treatment: T-DM1+Pertuzumab"", ""patient id: 126"", ""her2 heterogeneity: No"", ""pcr: No""]",Data/Raw/GSE243375/GSE243375_series_matrix.txt,afa138141f53a5f5fc6f09364e0fb9d28ecbb395de22318db12f9624e0d1961c
GSM7784527,GSE243375,True,HER2+,study3,126_site1_core2,Breast tumor tissue,Breast tumor tissue,early-stage HER2-positive breast cancer,,Pre-treatment,126,GSE243375:126,reported,,"[""tissue: Breast tumor tissue"", ""disease state: early-stage HER2-positive breast cancer"", ""genotype: WT"", ""treatment: Pre-treatment"", ""patient id: 126"", ""her2 heterogeneity: No"", ""pcr: No""]",Data/Raw/GSE243375/GSE243375_series_matrix.txt,afa138141f53a5f5fc6f09364e0fb9d28ecbb395de22318db12f9624e0d1961c
GSM7784528,GSE243375,True,HER2+,study3,126_site2_core1,Breast tumor tissue,Breast tumor tissue,early-stage HER2-positive breast cancer,,Pre-treatment,126,GSE243375:126,reported,,"[""tissue: Breast tumor tissue"", ""disease state: early-stage HER2-positive breast cancer"", ""genotype: WT"", ""treatment: Pre-treatment"", ""patient id: 126"", ""her2 heterogeneity: No"", ""pcr: No""]",Data/Raw/GSE243375/GSE243375_series_matrix.txt,afa138141f53a5f5fc6f09364e0fb9d28ecbb395de22318db12f9624e0d1961c
GSM7784529,GSE243375,False,,,127_Residual_Disease,Breast tumor tissue,Breast tumor tissue,early-stage HER2-positive breast cancer,,T-DM1+Pertuzumab,127,GSE243375:127,reported,unknown,"[""tissue: Breast tumor tissue"", ""disease state: early-stage HER2-positive breast cancer"", ""genotype: WT"", ""treatment: T-DM1+Pertuzumab"", ""patient id: 127"", ""her2 heterogeneity: No"", ""pcr: No""]",Data/Raw/GSE243375/GSE243375_series_matrix.txt,afa138141f53a5f5fc6f09364e0fb9d28ecbb395de22318db12f9624e0d1961c
GSM7784530,GSE243375,False,,,127_site1_core2,Breast tumor tissue,Breast tumor tissue,early-stage HER2-positive breast cancer,,Pre-treatment,127,GSE243375:127,reported,unknown,"[""tissue: Breast tumor tissue"", ""disease state: early-stage HER2-positive breast cancer"", ""genotype: WT"", ""treatment: Pre-treatment"", ""patient id: 127"", ""her2 heterogeneity: No"", ""pcr: No""]",Data/Raw/GSE243375/GSE243375_series_matrix.txt,afa138141f53a5f5fc6f09364e0fb9d28ecbb395de22318db12f9624e0d1961c
GSM7784531,GSE243375,True,HER2+,study3,127_site2_core1,Breast tumor tissue,Breast tumor tissue,early-stage HER2-positive breast cancer,,Pre-treatment,127,GSE243375:127,reported,,"[""tissue: Breast tumor tissue"", ""disease state: early-stage HER2-positive breast cancer"", ""genotype: WT"", ""treatment: Pre-treatment"", ""patient id: 127"", ""her2 heterogeneity: No"", ""pcr: No""]",Data/Raw/GSE243375/GSE243375_series_matrix.txt,afa138141f53a5f5fc6f09364e0fb9d28ecbb395de22318db12f9624e0d1961c
GSM7784532,GSE243375,True,HER2+,study3,128_site1_core1,Breast tumor tissue,Breast tumor tissue,early-stage HER2-positive breast cancer,,Pre-treatment,128,GSE243375:128,reported,,"[""tissue: Breast tumor tissue"", ""disease state: early-stage HER2-positive breast cancer"", ""genotype: WT"", ""treatment: Pre-treatment"", ""patient id: 128"", ""her2 heterogeneity: No"", ""pcr: Yes""]",Data/Raw/GSE243375/GSE243375_series_matrix.txt,afa138141f53a5f5fc6f09364e0fb9d28ecbb395de22318db12f9624e0d1961c
GSM7784533,GSE243375,True,HER2+,study3,128_site2_core1,Breast tumor tissue,Breast tumor tissue,early-stage HER2-positive breast cancer,,Pre-treatment,128,GSE243375:128,reported,,"[""tissue: Breast tumor tissue"", ""disease state: early-stage HER2-positive breast cancer"", ""genotype: WT"", ""treatment: Pre-treatment"", ""patient id: 128"", ""her2 heterogeneity: No"", ""pcr: Yes""]",Data/Raw/GSE243375/GSE243375_series_matrix.txt,afa138141f53a5f5fc6f09364e0fb9d28ecbb395de22318db12f9624e0d1961c
GSM7784534,GSE243375,False,,,129_site1_core2,Breast tumor tissue,Breast tumor tissue,early-stage HER2-positive breast cancer,,Pre-treatment,129,GSE243375:129,reported,unknown,"[""tissue: Breast tumor tissue"", ""disease state: early-stage HER2-positive breast cancer"", ""genotype: WT"", ""treatment: Pre-treatment"", ""patient id: 129"", ""her2 heterogeneity: No"", ""pcr: Yes""]",Data/Raw/GSE243375/GSE243375_series_matrix.txt,afa138141f53a5f5fc6f09364e0fb9d28ecbb395de22318db12f9624e0d1961c
GSM7784535,GSE243375,True,HER2+,study3,129_site2_core2,Breast tumor tissue,Breast tumor tissue,early-stage HER2-positive breast cancer,,Pre-treatment,129,GSE243375:129,reported,,"[""tissue: Breast tumor tissue"", ""disease state: early-stage HER2-positive breast cancer"", ""genotype: WT"", ""treatment: Pre-treatment"", ""patient id: 129"", ""her2 heterogeneity: No"", ""pcr: Yes""]",Data/Raw/GSE243375/GSE243375_series_matrix.txt,afa138141f53a5f5fc6f09364e0fb9d28ecbb395de22318db12f9624e0d1961c
GSM7784536,GSE243375,False,,,130_Residual_Disease,Breast tumor tissue,Breast tumor tissue,early-stage HER2-positive breast cancer,,T-DM1+Pertuzumab,130,GSE243375:130,reported,unknown,"[""tissue: Breast tumor tissue"", ""disease state: early-stage HER2-positive breast cancer"", ""genotype: WT"", ""treatment: T-DM1+Pertuzumab"", ""patient id: 130"", ""her2 heterogeneity: Yes"", ""pcr: No""]",Data/Raw/GSE243375/GSE243375_series_matrix.txt,afa138141f53a5f5fc6f09364e0fb9d28ecbb395de22318db12f9624e0d1961c
GSM7784537,GSE243375,True,HER2+,study3,130_site1_core2,Breast tumor tissue,Breast tumor tissue,early-stage HER2-positive breast cancer,,Pre-treatment,130,GSE243375:130,reported,,"[""tissue: Breast tumor tissue"", ""disease state: early-stage HER2-positive breast cancer"", ""genotype: WT"", ""treatment: Pre-treatment"", ""patient id: 130"", ""her2 heterogeneity: No"", ""pcr: No""]",Data/Raw/GSE243375/GSE243375_series_matrix.txt,afa138141f53a5f5fc6f09364e0fb9d28ecbb395de22318db12f9624e0d1961c
GSM7784538,GSE243375,True,HER2+,study3,130_site2_core2,Breast tumor tissue,Breast tumor tissue,early-stage HER2-positive breast cancer,,Pre-treatment,130,GSE243375:130,reported,,"[""tissue: Breast tumor tissue"", ""disease state: early-stage HER2-positive breast cancer"", ""genotype: WT"", ""treatment: Pre-treatment"", ""patient id: 130"", ""her2 heterogeneity: No"", ""pcr: No""]",Data/Raw/GSE243375/GSE243375_series_matrix.txt,afa138141f53a5f5fc6f09364e0fb9d28ecbb395de22318db12f9624e0d1961c
GSM7784539,GSE243375,True,HER2+,study3,131_site1_core2,Breast tumor tissue,Breast tumor tissue,early-stage HER2-positive breast cancer,,Pre-treatment,131,GSE243375:131,reported,,"[""tissue: Breast tumor tissue"", ""disease state: early-stage HER2-positive breast cancer"", ""genotype: WT"", ""treatment: Pre-treatment"", ""patient id: 131"", ""her2 heterogeneity: No"", ""pcr: Yes""]",Data/Raw/GSE243375/GSE243375_series_matrix.txt,afa138141f53a5f5fc6f09364e0fb9d28ecbb395de22318db12f9624e0d1961c
GSM7784540,GSE243375,True,HER2+,study3,131_site2_core1,Breast tumor tissue,Breast tumor tissue,early-stage HER2-positive breast cancer,,Pre-treatment,131,GSE243375:131,reported,,"[""tissue: Breast tumor tissue"", ""disease state: early-stage HER2-positive breast cancer"", ""genotype: WT"", ""treatment: Pre-treatment"", ""patient id: 131"", ""her2 heterogeneity: No"", ""pcr: Yes""]",Data/Raw/GSE243375/GSE243375_series_matrix.txt,afa138141f53a5f5fc6f09364e0fb9d28ecbb395de22318db12f9624e0d1961c
GSM7784541,GSE243375,True,HER2+,study3,133_site1_core1,Breast tumor tissue,Breast tumor tissue,early-stage HER2-positive breast cancer,,Pre-treatment,133,GSE243375:133,reported,,"[""tissue: Breast tumor tissue"", ""disease state: early-stage HER2-positive breast cancer"", ""genotype: WT"", ""treatment: Pre-treatment"", ""patient id: 133"", ""her2 heterogeneity: No"", ""pcr: Yes""]",Data/Raw/GSE243375/GSE243375_series_matrix.txt,afa138141f53a5f5fc6f09364e0fb9d28ecbb395de22318db12f9624e0d1961c
GSM7784542,GSE243375,False,,,134_Residual_Disease,Breast tumor tissue,Breast tumor tissue,early-stage HER2-positive breast cancer,,T-DM1+Pertuzumab,134,GSE243375:134,reported,unknown,"[""tissue: Breast tumor tissue"", ""disease state: early-stage HER2-positive breast cancer"", ""genotype: WT"", ""treatment: T-DM1+Pertuzumab"", ""patient id: 134"", ""her2 heterogeneity: No"", ""pcr: No""]",Data/Raw/GSE243375/GSE243375_series_matrix.txt,afa138141f53a5f5fc6f09364e0fb9d28ecbb395de22318db12f9624e0d1961c
GSM7784543,GSE243375,False,,,134_site1_core2,Breast tumor tissue,Breast tumor tissue,early-stage HER2-positive breast cancer,,Pre-treatment,134,GSE243375:134,reported,unknown,"[""tissue: Breast tumor tissue"", ""disease state: early-stage HER2-positive breast cancer"", ""genotype: WT"", ""treatment: Pre-treatment"", ""patient id: 134"", ""her2 heterogeneity: No"", ""pcr: No""]",Data/Raw/GSE243375/GSE243375_series_matrix.txt,afa138141f53a5f5fc6f09364e0fb9d28ecbb395de22318db12f9624e0d1961c
GSM7784544,GSE243375,False,,,134_site2_core2,Breast tumor tissue,Breast tumor tissue,early-stage HER2-positive breast cancer,,Pre-treatment,134,GSE243375:134,reported,unknown,"[""tissue: Breast tumor tissue"", ""disease state: early-stage HER2-positive breast cancer"", ""genotype: WT"", ""treatment: Pre-treatment"", ""patient id: 134"", ""her2 heterogeneity: No"", ""pcr: No""]",Data/Raw/GSE243375/GSE243375_series_matrix.txt,afa138141f53a5f5fc6f09364e0fb9d28ecbb395de22318db12f9624e0d1961c
GSM7784545,GSE243375,False,,,136_Residual_Disease,Breast tumor tissue,Breast tumor tissue,early-stage HER2-positive breast cancer,,T-DM1+Pertuzumab,136,GSE243375:136,reported,unknown,"[""tissue: Breast tumor tissue"", ""disease state: early-stage HER2-positive breast cancer"", ""genotype: WT"", ""treatment: T-DM1+Pertuzumab"", ""patient id: 136"", ""her2 heterogeneity: No"", ""pcr: No""]",Data/Raw/GSE243375/GSE243375_series_matrix.txt,afa138141f53a5f5fc6f09364e0fb9d28ecbb395de22318db12f9624e0d1961c
GSM7784546,GSE243375,True,HER2+,study3,136_site1_core2,Breast tumor tissue,Breast tumor tissue,early-stage HER2-positive breast cancer,,Pre-treatment,136,GSE243375:136,reported,,"[""tissue: Breast tumor tissue"", ""disease state: early-stage HER2-positive breast cancer"", ""genotype: WT"", ""treatment: Pre-treatment"", ""patient id: 136"", ""her2 heterogeneity: No"", ""pcr: No""]",Data/Raw/GSE243375/GSE243375_series_matrix.txt,afa138141f53a5f5fc6f09364e0fb9d28ecbb395de22318db12f9624e0d1961c
GSM7784547,GSE243375,True,HER2+,study3,136_site2_core2,Breast tumor tissue,Breast tumor tissue,early-stage HER2-positive breast cancer,,Pre-treatment,136,GSE243375:136,reported,,"[""tissue: Breast tumor tissue"", ""disease state: early-stage HER2-positive breast cancer"", ""genotype: WT"", ""treatment: Pre-treatment"", ""patient id: 136"", ""her2 heterogeneity: No"", ""pcr: No""]",Data/Raw/GSE243375/GSE243375_series_matrix.txt,afa138141f53a5f5fc6f09364e0fb9d28ecbb395de22318db12f9624e0d1961c
GSM7784548,GSE243375,False,,,137_site2_core2,Breast tumor tissue,Breast tumor tissue,early-stage HER2-positive breast cancer,,Pre-treatment,137,GSE243375:137,reported,unknown,"[""tissue: Breast tumor tissue"", ""disease state: early-stage HER2-positive breast cancer"", ""genotype: WT"", ""treatment: Pre-treatment"", ""patient id: 137"", ""her2 heterogeneity: No"", ""pcr: Yes""]",Data/Raw/GSE243375/GSE243375_series_matrix.txt,afa138141f53a5f5fc6f09364e0fb9d28ecbb395de22318db12f9624e0d1961c
GSM7784549,GSE243375,False,,,138_site1_core2,Breast tumor tissue,Breast tumor tissue,early-stage HER2-positive breast cancer,,Pre-treatment,138,GSE243375:138,reported,unknown,"[""tissue: Breast tumor tissue"", ""disease state: early-stage HER2-positive breast cancer"", ""genotype: WT"", ""treatment: Pre-treatment"", ""patient id: 138"", ""her2 heterogeneity: No"", ""pcr: Yes""]",Data/Raw/GSE243375/GSE243375_series_matrix.txt,afa138141f53a5f5fc6f09364e0fb9d28ecbb395de22318db12f9624e0d1961c
GSM7784550,GSE243375,False,,,138_site2_core1,Breast tumor tissue,Breast tumor tissue,early-stage HER2-positive breast cancer,,Pre-treatment,138,GSE243375:138,reported,unknown,"[""tissue: Breast tumor tissue"", ""disease state: early-stage HER2-positive breast cancer"", ""genotype: WT"", ""treatment: Pre-treatment"", ""patient id: 138"", ""her2 heterogeneity: No"", ""pcr: Yes""]",Data/Raw/GSE243375/GSE243375_series_matrix.txt,afa138141f53a5f5fc6f09364e0fb9d28ecbb395de22318db12f9624e0d1961c
GSM7784551,GSE243375,True,HER2+,study3,139_site1_core2,Breast tumor tissue,Breast tumor tissue,early-stage HER2-positive breast cancer,,Pre-treatment,139,GSE243375:139,reported,,"[""tissue: Breast tumor tissue"", ""disease state: early-stage HER2-positive breast cancer"", ""genotype: WT"", ""treatment: Pre-treatment"", ""patient id: 139"", ""her2 heterogeneity: No"", ""pcr: No""]",Data/Raw/GSE243375/GSE243375_series_matrix.txt,afa138141f53a5f5fc6f09364e0fb9d28ecbb395de22318db12f9624e0d1961c
GSM7784552,GSE243375,True,HER2+,study3,139_site2_core1,Breast tumor tissue,Breast tumor tissue,early-stage HER2-positive breast cancer,,Pre-treatment,139,GSE243375:139,reported,,"[""tissue: Breast tumor tissue"", ""disease state: early-stage HER2-positive breast cancer"", ""genotype: WT"", ""treatment: Pre-treatment"", ""patient id: 139"", ""her2 heterogeneity: No"", ""pcr: No""]",Data/Raw/GSE243375/GSE243375_series_matrix.txt,afa138141f53a5f5fc6f09364e0fb9d28ecbb395de22318db12f9624e0d1961c
GSM7784553,GSE243375,True,HER2+,study3,141_site1_core2,Breast tumor tissue,Breast tumor tissue,early-stage HER2-positive breast cancer,,Pre-treatment,141,GSE243375:141,reported,,"[""tissue: Breast tumor tissue"", ""disease state: early-stage HER2-positive breast cancer"", ""genotype: WT"", ""treatment: Pre-treatment"", ""patient id: 141"", ""her2 heterogeneity: No"", ""pcr: Yes""]",Data/Raw/GSE243375/GSE243375_series_matrix.txt,afa138141f53a5f5fc6f09364e0fb9d28ecbb395de22318db12f9624e0d1961c
GSM7784554,GSE243375,True,HER2+,study3,141_site2_core2,Breast tumor tissue,Breast tumor tissue,early-stage HER2-positive breast cancer,,Pre-treatment,141,GSE243375:141,reported,,"[""tissue: Breast tumor tissue"", ""disease state: early-stage HER2-positive breast cancer"", ""genotype: WT"", ""treatment: Pre-treatment"", ""patient id: 141"", ""her2 heterogeneity: No"", ""pcr: Yes""]",Data/Raw/GSE243375/GSE243375_series_matrix.txt,afa138141f53a5f5fc6f09364e0fb9d28ecbb395de22318db12f9624e0d1961c
GSM7784555,GSE243375,False,,,142_Residual_Disease,Breast tumor tissue,Breast tumor tissue,early-stage HER2-positive breast cancer,,T-DM1+Pertuzumab,142,GSE243375:142,reported,unknown,"[""tissue: Breast tumor tissue"", ""disease state: early-stage HER2-positive breast cancer"", ""genotype: WT"", ""treatment: T-DM1+Pertuzumab"", ""patient id: 142"", ""her2 heterogeneity: Yes"", ""pcr: No""]",Data/Raw/GSE243375/GSE243375_series_matrix.txt,afa138141f53a5f5fc6f09364e0fb9d28ecbb395de22318db12f9624e0d1961c
GSM7784556,GSE243375,False,,,142_site1_core1,Breast tumor tissue,Breast tumor tissue,early-stage HER2-positive breast cancer,,Pre-treatment,142,GSE243375:142,reported,unknown,"[""tissue: Breast tumor tissue"", ""disease state: early-stage HER2-positive breast cancer"", ""genotype: WT"", ""treatment: Pre-treatment"", ""patient id: 142"", ""her2 heterogeneity: Yes"", ""pcr: No""]",Data/Raw/GSE243375/GSE243375_series_matrix.txt,afa138141f53a5f5fc6f09364e0fb9d28ecbb395de22318db12f9624e0d1961c
GSM7784557,GSE243375,False,,,142_site2_core1,Breast tumor tissue,Breast tumor tissue,early-stage HER2-positive breast cancer,,Pre-treatment,142,GSE243375:142,reported,unknown,"[""tissue: Breast tumor tissue"", ""disease state: early-stage HER2-positive breast cancer"", ""genotype: WT"", ""treatment: Pre-treatment"", ""patient id: 142"", ""her2 heterogeneity: Yes"", ""pcr: No""]",Data/Raw/GSE243375/GSE243375_series_matrix.txt,afa138141f53a5f5fc6f09364e0fb9d28ecbb395de22318db12f9624e0d1961c
GSM7784558,GSE243375,False,,,143_Residual_Disease,Breast tumor tissue,Breast tumor tissue,early-stage HER2-positive breast cancer,,T-DM1+Pertuzumab,143,GSE243375:143,reported,unknown,"[""tissue: Breast tumor tissue"", ""disease state: early-stage HER2-positive breast cancer"", ""genotype: WT"", ""treatment: T-DM1+Pertuzumab"", ""patient id: 143"", ""her2 heterogeneity: No"", ""pcr: No""]",Data/Raw/GSE243375/GSE243375_series_matrix.txt,afa138141f53a5f5fc6f09364e0fb9d28ecbb395de22318db12f9624e0d1961c
GSM7784559,GSE243375,True,HER2+,study3,143_site2_core1,Breast tumor tissue,Breast tumor tissue,early-stage HER2-positive breast cancer,,Pre-treatment,143,GSE243375:143,reported,,"[""tissue: Breast tumor tissue"", ""disease state: early-stage HER2-positive breast cancer"", ""genotype: WT"", ""treatment: Pre-treatment"", ""patient id: 143"", ""her2 heterogeneity: No"", ""pcr: No""]",Data/Raw/GSE243375/GSE243375_series_matrix.txt,afa138141f53a5f5fc6f09364e0fb9d28ecbb395de22318db12f9624e0d1961c
GSM7784560,GSE243375,True,HER2+,study3,144_site1_core2,Breast tumor tissue,Breast tumor tissue,early-stage HER2-positive breast cancer,,Pre-treatment,144,GSE243375:144,reported,,"[""tissue: Breast tumor tissue"", ""disease state: early-stage HER2-positive breast cancer"", ""genotype: WT"", ""treatment: Pre-treatment"", ""patient id: 144"", ""her2 heterogeneity: No"", ""pcr: Yes""]",Data/Raw/GSE243375/GSE243375_series_matrix.txt,afa138141f53a5f5fc6f09364e0fb9d28ecbb395de22318db12f9624e0d1961c
GSM7784561,GSE243375,True,HER2+,study3,144_site2_core1,Breast tumor tissue,Breast tumor tissue,early-stage HER2-positive breast cancer,,Pre-treatment,144,GSE243375:144,reported,,"[""tissue: Breast tumor tissue"", ""disease state: early-stage HER2-positive breast cancer"", ""genotype: WT"", ""treatment: Pre-treatment"", ""patient id: 144"", ""her2 heterogeneity: No"", ""pcr: Yes""]",Data/Raw/GSE243375/GSE243375_series_matrix.txt,afa138141f53a5f5fc6f09364e0fb9d28ecbb395de22318db12f9624e0d1961c
GSM7784562,GSE243375,True,HER2+,study3,145_site1_core2,Breast tumor tissue,Breast tumor tissue,early-stage HER2-positive breast cancer,,Pre-treatment,145,GSE243375:145,reported,,"[""tissue: Breast tumor tissue"", ""disease state: early-stage HER2-positive breast cancer"", ""genotype: WT"", ""treatment: Pre-treatment"", ""patient id: 145"", ""her2 heterogeneity: No"", ""pcr: Yes""]",Data/Raw/GSE243375/GSE243375_series_matrix.txt,afa138141f53a5f5fc6f09364e0fb9d28ecbb395de22318db12f9624e0d1961c
GSM7784563,GSE243375,True,HER2+,study3,145_site2_core2,Breast tumor tissue,Breast tumor tissue,early-stage HER2-positive breast cancer,,Pre-treatment,145,GSE243375:145,reported,,"[""tissue: Breast tumor tissue"", ""disease state: early-stage HER2-positive breast cancer"", ""genotype: WT"", ""treatment: Pre-treatment"", ""patient id: 145"", ""her2 heterogeneity: No"", ""pcr: Yes""]",Data/Raw/GSE243375/GSE243375_series_matrix.txt,afa138141f53a5f5fc6f09364e0fb9d28ecbb395de22318db12f9624e0d1961c
GSM7784564,GSE243375,True,HER2+,study3,147_site1_core2,Breast tumor tissue,Breast tumor tissue,early-stage HER2-positive breast cancer,,Pre-treatment,147,GSE243375:147,reported,,"[""tissue: Breast tumor tissue"", ""disease state: early-stage HER2-positive breast cancer"", ""genotype: WT"", ""treatment: Pre-treatment"", ""patient id: 147"", ""her2 heterogeneity: No"", ""pcr: Yes""]",Data/Raw/GSE243375/GSE243375_series_matrix.txt,afa138141f53a5f5fc6f09364e0fb9d28ecbb395de22318db12f9624e0d1961c
GSM7784565,GSE243375,True,HER2+,study3,147_site2_core1,Breast tumor tissue,Breast tumor tissue,early-stage HER2-positive breast cancer,,Pre-treatment,147,GSE243375:147,reported,,"[""tissue: Breast tumor tissue"", ""disease state: early-stage HER2-positive breast cancer"", ""genotype: WT"", ""treatment: Pre-treatment"", ""patient id: 147"", ""her2 heterogeneity: No"", ""pcr: Yes""]",Data/Raw/GSE243375/GSE243375_series_matrix.txt,afa138141f53a5f5fc6f09364e0fb9d28ecbb395de22318db12f9624e0d1961c
GSM7784566,GSE243375,True,HER2+,study3,148_site1_core2,Breast tumor tissue,Breast tumor tissue,early-stage HER2-positive breast cancer,,Pre-treatment,148,GSE243375:148,reported,,"[""tissue: Breast tumor tissue"", ""disease state: early-stage HER2-positive breast cancer"", ""genotype: WT"", ""treatment: Pre-treatment"", ""patient id: 148"", ""her2 heterogeneity: No"", ""pcr: No""]",Data/Raw/GSE243375/GSE243375_series_matrix.txt,afa138141f53a5f5fc6f09364e0fb9d28ecbb395de22318db12f9624e0d1961c
GSM7784567,GSE243375,False,,,148_site2_core2,Breast tumor tissue,Breast tumor tissue,early-stage HER2-positive breast cancer,,Pre-treatment,148,GSE243375:148,reported,unknown,"[""tissue: Breast tumor tissue"", ""disease state: early-stage HER2-positive breast cancer"", ""genotype: WT"", ""treatment: Pre-treatment"", ""patient id: 148"", ""her2 heterogeneity: No"", ""pcr: No""]",Data/Raw/GSE243375/GSE243375_series_matrix.txt,afa138141f53a5f5fc6f09364e0fb9d28ecbb395de22318db12f9624e0d1961c
GSM7784568,GSE243375,True,HER2+,study3,149_site1_core2,Breast tumor tissue,Breast tumor tissue,early-stage HER2-positive breast cancer,,Pre-treatment,149,GSE243375:149,reported,,"[""tissue: Breast tumor tissue"", ""disease state: early-stage HER2-positive breast cancer"", ""genotype: WT"", ""treatment: Pre-treatment"", ""patient id: 149"", ""her2 heterogeneity: No"", ""pcr: Yes""]",Data/Raw/GSE243375/GSE243375_series_matrix.txt,afa138141f53a5f5fc6f09364e0fb9d28ecbb395de22318db12f9624e0d1961c
GSM7784569,GSE243375,True,HER2+,study3,149_site2_core2,Breast tumor tissue,Breast tumor tissue,early-stage HER2-positive breast cancer,,Pre-treatment,149,GSE243375:149,reported,,"[""tissue: Breast tumor tissue"", ""disease state: early-stage HER2-positive breast cancer"", ""genotype: WT"", ""treatment: Pre-treatment"", ""patient id: 149"", ""her2 heterogeneity: No"", ""pcr: Yes""]",Data/Raw/GSE243375/GSE243375_series_matrix.txt,afa138141f53a5f5fc6f09364e0fb9d28ecbb395de22318db12f9624e0d1961c
GSM7784570,GSE243375,True,HER2+,study3,150_site1_core2,Breast tumor tissue,Breast tumor tissue,early-stage HER2-positive breast cancer,,Pre-treatment,150,GSE243375:150,reported,,"[""tissue: Breast tumor tissue"", ""disease state: early-stage HER2-positive breast cancer"", ""genotype: WT"", ""treatment: Pre-treatment"", ""patient id: 150"", ""her2 heterogeneity: No"", ""pcr: Yes""]",Data/Raw/GSE243375/GSE243375_series_matrix.txt,afa138141f53a5f5fc6f09364e0fb9d28ecbb395de22318db12f9624e0d1961c
GSM7784571,GSE243375,True,HER2+,study3,150_site2_core2,Breast tumor tissue,Breast tumor tissue,early-stage HER2-positive breast cancer,,Pre-treatment,150,GSE243375:150,reported,,"[""tissue: Breast tumor tissue"", ""disease state: early-stage HER2-positive breast cancer"", ""genotype: WT"", ""treatment: Pre-treatment"", ""patient id: 150"", ""her2 heterogeneity: No"", ""pcr: Yes""]",Data/Raw/GSE243375/GSE243375_series_matrix.txt,afa138141f53a5f5fc6f09364e0fb9d28ecbb395de22318db12f9624e0d1961c
GSM7784572,GSE243375,True,HER2+,study3,151_site1_core2,Breast tumor tissue,Breast tumor tissue,early-stage HER2-positive breast cancer,,Pre-treatment,151,GSE243375:151,reported,,"[""tissue: Breast tumor tissue"", ""disease state: early-stage HER2-positive breast cancer"", ""genotype: WT"", ""treatment: Pre-treatment"", ""patient id: 151"", ""her2 heterogeneity: No"", ""pcr: Yes""]",Data/Raw/GSE243375/GSE243375_series_matrix.txt,afa138141f53a5f5fc6f09364e0fb9d28ecbb395de22318db12f9624e0d1961c
GSM7784573,GSE243375,True,HER2+,study3,151_site2_core2,Breast tumor tissue,Breast tumor tissue,early-stage HER2-positive breast cancer,,Pre-treatment,151,GSE243375:151,reported,,"[""tissue: Breast tumor tissue"", ""disease state: early-stage HER2-positive breast cancer"", ""genotype: WT"", ""treatment: Pre-treatment"", ""patient id: 151"", ""her2 heterogeneity: No"", ""pcr: Yes""]",Data/Raw/GSE243375/GSE243375_series_matrix.txt,afa138141f53a5f5fc6f09364e0fb9d28ecbb395de22318db12f9624e0d1961c
GSM7784574,GSE243375,False,,,153_Residual_Disease,Breast tumor tissue,Breast tumor tissue,early-stage HER2-positive breast cancer,,T-DM1+Pertuzumab,153,GSE243375:153,reported,unknown,"[""tissue: Breast tumor tissue"", ""disease state: early-stage HER2-positive breast cancer"", ""genotype: WT"", ""treatment: T-DM1+Pertuzumab"", ""patient id: 153"", ""her2 heterogeneity: Yes"", ""pcr: No""]",Data/Raw/GSE243375/GSE243375_series_matrix.txt,afa138141f53a5f5fc6f09364e0fb9d28ecbb395de22318db12f9624e0d1961c
GSM7784575,GSE243375,True,HER2+,study3,153_site1_core1,Breast tumor tissue,Breast tumor tissue,early-stage HER2-positive breast cancer,,Pre-treatment,153,GSE243375:153,reported,,"[""tissue: Breast tumor tissue"", ""disease state: early-stage HER2-positive breast cancer"", ""genotype: WT"", ""treatment: Pre-treatment"", ""patient id: 153"", ""her2 heterogeneity: Yes"", ""pcr: No""]",Data/Raw/GSE243375/GSE243375_series_matrix.txt,afa138141f53a5f5fc6f09364e0fb9d28ecbb395de22318db12f9624e0d1961c
GSM7784576,GSE243375,True,HER2+,study3,153_site2_core2,Breast tumor tissue,Breast tumor tissue,early-stage HER2-positive breast cancer,,Pre-treatment,153,GSE243375:153,reported,,"[""tissue: Breast tumor tissue"", ""disease state: early-stage HER2-positive breast cancer"", ""genotype: WT"", ""treatment: Pre-treatment"", ""patient id: 153"", ""her2 heterogeneity: Yes"", ""pcr: No""]",Data/Raw/GSE243375/GSE243375_series_matrix.txt,afa138141f53a5f5fc6f09364e0fb9d28ecbb395de22318db12f9624e0d1961c
GSM7784577,GSE243375,True,HER2+,study3,154_site1_core2,Breast tumor tissue,Breast tumor tissue,early-stage HER2-positive breast cancer,,Pre-treatment,154,GSE243375:154,reported,,"[""tissue: Breast tumor tissue"", ""disease state: early-stage HER2-positive breast cancer"", ""genotype: WT"", ""treatment: Pre-treatment"", ""patient id: 154"", ""her2 heterogeneity: No"", ""pcr: Yes""]",Data/Raw/GSE243375/GSE243375_series_matrix.txt,afa138141f53a5f5fc6f09364e0fb9d28ecbb395de22318db12f9624e0d1961c
GSM7784578,GSE243375,True,HER2+,study3,154_site2_core1,Breast tumor tissue,Breast tumor tissue,early-stage HER2-positive breast cancer,,Pre-treatment,154,GSE243375:154,reported,,"[""tissue: Breast tumor tissue"", ""disease state: early-stage HER2-positive breast cancer"", ""genotype: WT"", ""treatment: Pre-treatment"", ""patient id: 154"", ""her2 heterogeneity: No"", ""pcr: Yes""]",Data/Raw/GSE243375/GSE243375_series_matrix.txt,afa138141f53a5f5fc6f09364e0fb9d28ecbb395de22318db12f9624e0d1961c
GSM7784579,GSE243375,True,HER2+,study3,155_site1_core2,Breast tumor tissue,Breast tumor tissue,early-stage HER2-positive breast cancer,,Pre-treatment,155,GSE243375:155,reported,,"[""tissue: Breast tumor tissue"", ""disease state: early-stage HER2-positive breast cancer"", ""genotype: WT"", ""treatment: Pre-treatment"", ""patient id: 155"", ""her2 heterogeneity: No"", ""pcr: Yes""]",Data/Raw/GSE243375/GSE243375_series_matrix.txt,afa138141f53a5f5fc6f09364e0fb9d28ecbb395de22318db12f9624e0d1961c
GSM7784580,GSE243375,True,HER2+,study3,155_site2_core1,Breast tumor tissue,Breast tumor tissue,early-stage HER2-positive breast cancer,,Pre-treatment,155,GSE243375:155,reported,,"[""tissue: Breast tumor tissue"", ""disease state: early-stage HER2-positive breast cancer"", ""genotype: WT"", ""treatment: Pre-treatment"", ""patient id: 155"", ""her2 heterogeneity: No"", ""pcr: Yes""]",Data/Raw/GSE243375/GSE243375_series_matrix.txt,afa138141f53a5f5fc6f09364e0fb9d28ecbb395de22318db12f9624e0d1961c
GSM7784581,GSE243375,True,HER2+,study3,156_site1_core2,Breast tumor tissue,Breast tumor tissue,early-stage HER2-positive breast cancer,,Pre-treatment,156,GSE243375:156,reported,,"[""tissue: Breast tumor tissue"", ""disease state: early-stage HER2-positive breast cancer"", ""genotype: WT"", ""treatment: Pre-treatment"", ""patient id: 156"", ""her2 heterogeneity: No"", ""pcr: Yes""]",Data/Raw/GSE243375/GSE243375_series_matrix.txt,afa138141f53a5f5fc6f09364e0fb9d28ecbb395de22318db12f9624e0d1961c
GSM7784582,GSE243375,False,,,156_site2_core2,Breast tumor tissue,Breast tumor tissue,early-stage HER2-positive breast cancer,,Pre-treatment,156,GSE243375:156,reported,unknown,"[""tissue: Breast tumor tissue"", ""disease state: early-stage HER2-positive breast cancer"", ""genotype: WT"", ""treatment: Pre-treatment"", ""patient id: 156"", ""her2 heterogeneity: No"", ""pcr: Yes""]",Data/Raw/GSE243375/GSE243375_series_matrix.txt,afa138141f53a5f5fc6f09364e0fb9d28ecbb395de22318db12f9624e0d1961c
GSM7784583,GSE243375,True,HER2+,study3,157_site1_core2,Breast tumor tissue,Breast tumor tissue,early-stage HER2-positive breast cancer,,Pre-treatment,157,GSE243375:157,reported,,"[""tissue: Breast tumor tissue"", ""disease state: early-stage HER2-positive breast cancer"", ""genotype: WT"", ""treatment: Pre-treatment"", ""patient id: 157"", ""her2 heterogeneity: No"", ""pcr: Yes""]",Data/Raw/GSE243375/GSE243375_series_matrix.txt,afa138141f53a5f5fc6f09364e0fb9d28ecbb395de22318db12f9624e0d1961c
GSM7784584,GSE243375,True,HER2+,study3,157_site2_core2,Breast tumor tissue,Breast tumor tissue,early-stage HER2-positive breast cancer,,Pre-treatment,157,GSE243375:157,reported,,"[""tissue: Breast tumor tissue"", ""disease state: early-stage HER2-positive breast cancer"", ""genotype: WT"", ""treatment: Pre-treatment"", ""patient id: 157"", ""her2 heterogeneity: No"", ""pcr: Yes""]",Data/Raw/GSE243375/GSE243375_series_matrix.txt,afa138141f53a5f5fc6f09364e0fb9d28ecbb395de22318db12f9624e0d1961c
GSM7784585,GSE243375,False,,,158_Residual_Disease,Breast tumor tissue,Breast tumor tissue,early-stage HER2-positive breast cancer,,T-DM1+Pertuzumab,158,GSE243375:158,reported,unknown,"[""tissue: Breast tumor tissue"", ""disease state: early-stage HER2-positive breast cancer"", ""genotype: WT"", ""treatment: T-DM1+Pertuzumab"", ""patient id: 158"", ""her2 heterogeneity: No"", ""pcr: No""]",Data/Raw/GSE243375/GSE243375_series_matrix.txt,afa138141f53a5f5fc6f09364e0fb9d28ecbb395de22318db12f9624e0d1961c
GSM7784586,GSE243375,True,HER2+,study3,158_site1_core2,Breast tumor tissue,Breast tumor tissue,early-stage HER2-positive breast cancer,,Pre-treatment,158,GSE243375:158,reported,,"[""tissue: Breast tumor tissue"", ""disease state: early-stage HER2-positive breast cancer"", ""genotype: WT"", ""treatment: Pre-treatment"", ""patient id: 158"", ""her2 heterogeneity: No"", ""pcr: No""]",Data/Raw/GSE243375/GSE243375_series_matrix.txt,afa138141f53a5f5fc6f09364e0fb9d28ecbb395de22318db12f9624e0d1961c
GSM7784587,GSE243375,True,HER2+,study3,158_site2_core1,Breast tumor tissue,Breast tumor tissue,early-stage HER2-positive breast cancer,,Pre-treatment,158,GSE243375:158,reported,,"[""tissue: Breast tumor tissue"", ""disease state: early-stage HER2-positive breast cancer"", ""genotype: WT"", ""treatment: Pre-treatment"", ""patient id: 158"", ""her2 heterogeneity: No"", ""pcr: No""]",Data/Raw/GSE243375/GSE243375_series_matrix.txt,afa138141f53a5f5fc6f09364e0fb9d28ecbb395de22318db12f9624e0d1961c
GSM7784588,GSE243375,False,,,159_Residual_Disease,Breast tumor tissue,Breast tumor tissue,early-stage HER2-positive breast cancer,,T-DM1+Pertuzumab,159,GSE243375:159,reported,unknown,"[""tissue: Breast tumor tissue"", ""disease state: early-stage HER2-positive breast cancer"", ""genotype: WT"", ""treatment: T-DM1+Pertuzumab"", ""patient id: 159"", ""her2 heterogeneity: No"", ""pcr: No""]",Data/Raw/GSE243375/GSE243375_series_matrix.txt,afa138141f53a5f5fc6f09364e0fb9d28ecbb395de22318db12f9624e0d1961c
GSM7784589,GSE243375,False,,,159_site2_core2,Breast tumor tissue,Breast tumor tissue,early-stage HER2-positive breast cancer,,Pre-treatment,159,GSE243375:159,reported,unknown,"[""tissue: Breast tumor tissue"", ""disease state: early-stage HER2-positive breast cancer"", ""genotype: WT"", ""treatment: Pre-treatment"", ""patient id: 159"", ""her2 heterogeneity: No"", ""pcr: No""]",Data/Raw/GSE243375/GSE243375_series_matrix.txt,afa138141f53a5f5fc6f09364e0fb9d28ecbb395de22318db12f9624e0d1961c
GSM7784590,GSE243375,True,HER2+,study3,160_site1_core1,Breast tumor tissue,Breast tumor tissue,early-stage HER2-positive breast cancer,,Pre-treatment,160,GSE243375:160,reported,,"[""tissue: Breast tumor tissue"", ""disease state: early-stage HER2-positive breast cancer"", ""genotype: WT"", ""treatment: Pre-treatment"", ""patient id: 160"", ""her2 heterogeneity: No"", ""pcr: Yes""]",Data/Raw/GSE243375/GSE243375_series_matrix.txt,afa138141f53a5f5fc6f09364e0fb9d28ecbb395de22318db12f9624e0d1961c
GSM7784591,GSE243375,True,HER2+,study3,160_site2_core1,Breast tumor tissue,Breast tumor tissue,early-stage HER2-positive breast cancer,,Pre-treatment,160,GSE243375:160,reported,,"[""tissue: Breast tumor tissue"", ""disease state: early-stage HER2-positive breast cancer"", ""genotype: WT"", ""treatment: Pre-treatment"", ""patient id: 160"", ""her2 heterogeneity: No"", ""pcr: Yes""]",Data/Raw/GSE243375/GSE243375_series_matrix.txt,afa138141f53a5f5fc6f09364e0fb9d28ecbb395de22318db12f9624e0d1961c
GSM7784592,GSE243375,False,,,161_Residual_Disease,Breast tumor tissue,Breast tumor tissue,early-stage HER2-positive breast cancer,,T-DM1+Pertuzumab,161,GSE243375:161,reported,unknown,"[""tissue: Breast tumor tissue"", ""disease state: early-stage HER2-positive breast cancer"", ""genotype: WT"", ""treatment: T-DM1+Pertuzumab"", ""patient id: 161"", ""her2 heterogeneity: No"", ""pcr: No""]",Data/Raw/GSE243375/GSE243375_series_matrix.txt,afa138141f53a5f5fc6f09364e0fb9d28ecbb395de22318db12f9624e0d1961c
GSM7784593,GSE243375,True,HER2+,study3,161_site1_core2,Breast tumor tissue,Breast tumor tissue,early-stage HER2-positive breast cancer,,Pre-treatment,161,GSE243375:161,reported,,"[""tissue: Breast tumor tissue"", ""disease state: early-stage HER2-positive breast cancer"", ""genotype: WT"", ""treatment: Pre-treatment"", ""patient id: 161"", ""her2 heterogeneity: No"", ""pcr: No""]",Data/Raw/GSE243375/GSE243375_series_matrix.txt,afa138141f53a5f5fc6f09364e0fb9d28ecbb395de22318db12f9624e0d1961c
GSM7784594,GSE243375,True,HER2+,study3,161_site2_core2,Breast tumor tissue,Breast tumor tissue,early-stage HER2-positive breast cancer,,Pre-treatment,161,GSE243375:161,reported,,"[""tissue: Breast tumor tissue"", ""disease state: early-stage HER2-positive breast cancer"", ""genotype: WT"", ""treatment: Pre-treatment"", ""patient id: 161"", ""her2 heterogeneity: No"", ""pcr: No""]",Data/Raw/GSE243375/GSE243375_series_matrix.txt,afa138141f53a5f5fc6f09364e0fb9d28ecbb395de22318db12f9624e0d1961c
GSM7784595,GSE243375,False,,,162_Residual_Disease,Breast tumor tissue,Breast tumor tissue,early-stage HER2-positive breast cancer,,T-DM1+Pertuzumab,162,GSE243375:162,reported,unknown,"[""tissue: Breast tumor tissue"", ""disease state: early-stage HER2-positive breast cancer"", ""genotype: WT"", ""treatment: T-DM1+Pertuzumab"", ""patient id: 162"", ""her2 heterogeneity: No"", ""pcr: No""]",Data/Raw/GSE243375/GSE243375_series_matrix.txt,afa138141f53a5f5fc6f09364e0fb9d28ecbb395de22318db12f9624e0d1961c
GSM7784596,GSE243375,True,HER2+,study3,162_site1_core1,Breast tumor tissue,Breast tumor tissue,early-stage HER2-positive breast cancer,,Pre-treatment,162,GSE243375:162,reported,,"[""tissue: Breast tumor tissue"", ""disease state: early-stage HER2-positive breast cancer"", ""genotype: WT"", ""treatment: Pre-treatment"", ""patient id: 162"", ""her2 heterogeneity: No"", ""pcr: No""]",Data/Raw/GSE243375/GSE243375_series_matrix.txt,afa138141f53a5f5fc6f09364e0fb9d28ecbb395de22318db12f9624e0d1961c
GSM7784597,GSE243375,True,HER2+,study3,163_site1_core1,Breast tumor tissue,Breast tumor tissue,early-stage HER2-positive breast cancer,,Pre-treatment,163,GSE243375:163,reported,,"[""tissue: Breast tumor tissue"", ""disease state: early-stage HER2-positive breast cancer"", ""genotype: WT"", ""treatment: Pre-treatment"", ""patient id: 163"", ""her2 heterogeneity: No"", ""pcr: Yes""]",Data/Raw/GSE243375/GSE243375_series_matrix.txt,afa138141f53a5f5fc6f09364e0fb9d28ecbb395de22318db12f9624e0d1961c
GSM7784598,GSE243375,True,HER2+,study3,163_site2_core2,Breast tumor tissue,Breast tumor tissue,early-stage HER2-positive breast cancer,,Pre-treatment,163,GSE243375:163,reported,,"[""tissue: Breast tumor tissue"", ""disease state: early-stage HER2-positive breast cancer"", ""genotype: WT"", ""treatment: Pre-treatment"", ""patient id: 163"", ""her2 heterogeneity: No"", ""pcr: Yes""]",Data/Raw/GSE243375/GSE243375_series_matrix.txt,afa138141f53a5f5fc6f09364e0fb9d28ecbb395de22318db12f9624e0d1961c
GSM7784599,GSE243375,False,,,164_site1_core2,Breast tumor tissue,Breast tumor tissue,early-stage HER2-positive breast cancer,,Pre-treatment,164,GSE243375:164,reported,unknown,"[""tissue: Breast tumor tissue"", ""disease state: early-stage HER2-positive breast cancer"", ""genotype: WT"", ""treatment: Pre-treatment"", ""patient id: 164"", ""her2 heterogeneity: No"", ""pcr: Yes""]",Data/Raw/GSE243375/GSE243375_series_matrix.txt,afa138141f53a5f5fc6f09364e0fb9d28ecbb395de22318db12f9624e0d1961c
GSM7784600,GSE243375,False,,,164_site2_core1,Breast tumor tissue,Breast tumor tissue,early-stage HER2-positive breast cancer,,Pre-treatment,164,GSE243375:164,reported,unknown,"[""tissue: Breast tumor tissue"", ""disease state: early-stage HER2-positive breast cancer"", ""genotype: WT"", ""treatment: Pre-treatment"", ""patient id: 164"", ""her2 heterogeneity: No"", ""pcr: Yes""]",Data/Raw/GSE243375/GSE243375_series_matrix.txt,afa138141f53a5f5fc6f09364e0fb9d28ecbb395de22318db12f9624e0d1961c
GSM7784601,GSE243375,False,,,165_site1_core1,Breast tumor tissue,Breast tumor tissue,early-stage HER2-positive breast cancer,,Pre-treatment,165,GSE243375:165,reported,unknown,"[""tissue: Breast tumor tissue"", ""disease state: early-stage HER2-positive breast cancer"", ""genotype: WT"", ""treatment: Pre-treatment"", ""patient id: 165"", ""her2 heterogeneity: No"", ""pcr: No""]",Data/Raw/GSE243375/GSE243375_series_matrix.txt,afa138141f53a5f5fc6f09364e0fb9d28ecbb395de22318db12f9624e0d1961c
GSM7784602,GSE243375,True,HER2+,study3,165_site2_core2,Breast tumor tissue,Breast tumor tissue,early-stage HER2-positive breast cancer,,Pre-treatment,165,GSE243375:165,reported,,"[""tissue: Breast tumor tissue"", ""disease state: early-stage HER2-positive breast cancer"", ""genotype: WT"", ""treatment: Pre-treatment"", ""patient id: 165"", ""her2 heterogeneity: No"", ""pcr: No""]",Data/Raw/GSE243375/GSE243375_series_matrix.txt,afa138141f53a5f5fc6f09364e0fb9d28ecbb395de22318db12f9624e0d1961c
GSM7784603,GSE243375,False,,,21_Residual_Disease,Breast tumor tissue,Breast tumor tissue,early-stage HER2-positive breast cancer,,T-DM1+Pertuzumab,21,GSE243375:21,reported,unknown,"[""tissue: Breast tumor tissue"", ""disease state: early-stage HER2-positive breast cancer"", ""genotype: WT"", ""treatment: T-DM1+Pertuzumab"", ""patient id: 21"", ""her2 heterogeneity: No"", ""pcr: No""]",Data/Raw/GSE243375/GSE243375_series_matrix.txt,afa138141f53a5f5fc6f09364e0fb9d28ecbb395de22318db12f9624e0d1961c
GSM7784604,GSE243375,False,,,21_site1_core1,Breast tumor tissue,Breast tumor tissue,early-stage HER2-positive breast cancer,,Pre-treatment,21,GSE243375:21,reported,unknown,"[""tissue: Breast tumor tissue"", ""disease state: early-stage HER2-positive breast cancer"", ""genotype: WT"", ""treatment: Pre-treatment"", ""patient id: 21"", ""her2 heterogeneity: No"", ""pcr: No""]",Data/Raw/GSE243375/GSE243375_series_matrix.txt,afa138141f53a5f5fc6f09364e0fb9d28ecbb395de22318db12f9624e0d1961c
GSM7784605,GSE243375,False,,,21_site1_core2,Breast tumor tissue,Breast tumor tissue,early-stage HER2-positive breast cancer,,Pre-treatment,21,GSE243375:21,reported,unknown,"[""tissue: Breast tumor tissue"", ""disease state: early-stage HER2-positive breast cancer"", ""genotype: WT"", ""treatment: Pre-treatment"", ""patient id: 21"", ""her2 heterogeneity: No"", ""pcr: No""]",Data/Raw/GSE243375/GSE243375_series_matrix.txt,afa138141f53a5f5fc6f09364e0fb9d28ecbb395de22318db12f9624e0d1961c
GSM7784606,GSE243375,False,,,22_site1_core1,Breast tumor tissue,Breast tumor tissue,early-stage HER2-positive breast cancer,,Pre-treatment,22,GSE243375:22,reported,unknown,"[""tissue: Breast tumor tissue"", ""disease state: early-stage HER2-positive breast cancer"", ""genotype: WT"", ""treatment: Pre-treatment"", ""patient id: 22"", ""her2 heterogeneity: No"", ""pcr: Yes""]",Data/Raw/GSE243375/GSE243375_series_matrix.txt,afa138141f53a5f5fc6f09364e0fb9d28ecbb395de22318db12f9624e0d1961c
GSM7784607,GSE243375,False,,,22_site2_core1,Breast tumor tissue,Breast tumor tissue,early-stage HER2-positive breast cancer,,Pre-treatment,22,GSE243375:22,reported,unknown,"[""tissue: Breast tumor tissue"", ""disease state: early-stage HER2-positive breast cancer"", ""genotype: WT"", ""treatment: Pre-treatment"", ""patient id: 22"", ""her2 heterogeneity: No"", ""pcr: Yes""]",Data/Raw/GSE243375/GSE243375_series_matrix.txt,afa138141f53a5f5fc6f09364e0fb9d28ecbb395de22318db12f9624e0d1961c
GSM7784608,GSE243375,False,,,23_site1_core2,Breast tumor tissue,Breast tumor tissue,early-stage HER2-positive breast cancer,,Pre-treatment,23,GSE243375:23,reported,unknown,"[""tissue: Breast tumor tissue"", ""disease state: early-stage HER2-positive breast cancer"", ""genotype: WT"", ""treatment: Pre-treatment"", ""patient id: 23"", ""her2 heterogeneity: No"", ""pcr: Yes""]",Data/Raw/GSE243375/GSE243375_series_matrix.txt,afa138141f53a5f5fc6f09364e0fb9d28ecbb395de22318db12f9624e0d1961c
GSM7784609,GSE243375,False,,,23_site2_core1,Breast tumor tissue,Breast tumor tissue,early-stage HER2-positive breast cancer,,Pre-treatment,23,GSE243375:23,reported,unknown,"[""tissue: Breast tumor tissue"", ""disease state: early-stage HER2-positive breast cancer"", ""genotype: WT"", ""treatment: Pre-treatment"", ""patient id: 23"", ""her2 heterogeneity: No"", ""pcr: Yes""]",Data/Raw/GSE243375/GSE243375_series_matrix.txt,afa138141f53a5f5fc6f09364e0fb9d28ecbb395de22318db12f9624e0d1961c
GSM7784610,GSE243375,True,HER2+,study3,24_site1_core1,Breast tumor tissue,Breast tumor tissue,early-stage HER2-positive breast cancer,,Pre-treatment,24,GSE243375:24,reported,,"[""tissue: Breast tumor tissue"", ""disease state: early-stage HER2-positive breast cancer"", ""genotype: WT"", ""treatment: Pre-treatment"", ""patient id: 24"", ""her2 heterogeneity: No"", ""pcr: Yes""]",Data/Raw/GSE243375/GSE243375_series_matrix.txt,afa138141f53a5f5fc6f09364e0fb9d28ecbb395de22318db12f9624e0d1961c
GSM7784611,GSE243375,True,HER2+,study3,24_site2_core1,Breast tumor tissue,Breast tumor tissue,early-stage HER2-positive breast cancer,,Pre-treatment,24,GSE243375:24,reported,,"[""tissue: Breast tumor tissue"", ""disease state: early-stage HER2-positive breast cancer"", ""genotype: WT"", ""treatment: Pre-treatment"", ""patient id: 24"", ""her2 heterogeneity: No"", ""pcr: Yes""]",Data/Raw/GSE243375/GSE243375_series_matrix.txt,afa138141f53a5f5fc6f09364e0fb9d28ecbb395de22318db12f9624e0d1961c
GSM7784612,GSE243375,True,HER2+,study3,25_site1_core2,Breast tumor tissue,Breast tumor tissue,early-stage HER2-positive breast cancer,,Pre-treatment,25,GSE243375:25,reported,,"[""tissue: Breast tumor tissue"", ""disease state: early-stage HER2-positive breast cancer"", ""genotype: WT"", ""treatment: Pre-treatment"", ""patient id: 25"", ""her2 heterogeneity: No"", ""pcr: No""]",Data/Raw/GSE243375/GSE243375_series_matrix.txt,afa138141f53a5f5fc6f09364e0fb9d28ecbb395de22318db12f9624e0d1961c
GSM7784613,GSE243375,False,,,25_site2_core2,Breast tumor tissue,Breast tumor tissue,early-stage HER2-positive breast cancer,,Pre-treatment,25,GSE243375:25,reported,unknown,"[""tissue: Breast tumor tissue"", ""disease state: early-stage HER2-positive breast cancer"", ""genotype: WT"", ""treatment: Pre-treatment"", ""patient id: 25"", ""her2 heterogeneity: No"", ""pcr: No""]",Data/Raw/GSE243375/GSE243375_series_matrix.txt,afa138141f53a5f5fc6f09364e0fb9d28ecbb395de22318db12f9624e0d1961c
GSM7784614,GSE243375,False,,,27_site2_core1,Breast tumor tissue,Breast tumor tissue,early-stage HER2-positive breast cancer,,Pre-treatment,27,GSE243375:27,reported,unknown,"[""tissue: Breast tumor tissue"", ""disease state: early-stage HER2-positive breast cancer"", ""genotype: WT"", ""treatment: Pre-treatment"", ""patient id: 27"", ""her2 heterogeneity: No"", ""pcr: Yes""]",Data/Raw/GSE243375/GSE243375_series_matrix.txt,afa138141f53a5f5fc6f09364e0fb9d28ecbb395de22318db12f9624e0d1961c
GSM7784615,GSE243375,False,,,28_Residual_Disease,Breast tumor tissue,Breast tumor tissue,early-stage HER2-positive breast cancer,,T-DM1+Pertuzumab,28,GSE243375:28,reported,unknown,"[""tissue: Breast tumor tissue"", ""disease state: early-stage HER2-positive breast cancer"", ""genotype: WT"", ""treatment: T-DM1+Pertuzumab"", ""patient id: 28"", ""her2 heterogeneity: No"", ""pcr: No""]",Data/Raw/GSE243375/GSE243375_series_matrix.txt,afa138141f53a5f5fc6f09364e0fb9d28ecbb395de22318db12f9624e0d1961c
GSM7784616,GSE243375,True,HER2+,study3,28_site1_core1,Breast tumor tissue,Breast tumor tissue,early-stage HER2-positive breast cancer,,Pre-treatment,28,GSE243375:28,reported,,"[""tissue: Breast tumor tissue"", ""disease state: early-stage HER2-positive breast cancer"", ""genotype: WT"", ""treatment: Pre-treatment"", ""patient id: 28"", ""her2 heterogeneity: No"", ""pcr: No""]",Data/Raw/GSE243375/GSE243375_series_matrix.txt,afa138141f53a5f5fc6f09364e0fb9d28ecbb395de22318db12f9624e0d1961c
GSM7784617,GSE243375,True,HER2+,study3,28_site2_core1,Breast tumor tissue,Breast tumor tissue,early-stage HER2-positive breast cancer,,Pre-treatment,28,GSE243375:28,reported,,"[""tissue: Breast tumor tissue"", ""disease state: early-stage HER2-positive breast cancer"", ""genotype: WT"", ""treatment: Pre-treatment"", ""patient id: 28"", ""her2 heterogeneity: No"", ""pcr: No""]",Data/Raw/GSE243375/GSE243375_series_matrix.txt,afa138141f53a5f5fc6f09364e0fb9d28ecbb395de22318db12f9624e0d1961c
GSM7784618,GSE243375,False,,,29_Residual_Disease,Breast tumor tissue,Breast tumor tissue,early-stage HER2-positive breast cancer,,T-DM1+Pertuzumab,29,GSE243375:29,reported,unknown,"[""tissue: Breast tumor tissue"", ""disease state: early-stage HER2-positive breast cancer"", ""genotype: WT"", ""treatment: T-DM1+Pertuzumab"", ""patient id: 29"", ""her2 heterogeneity: No"", ""pcr: No""]",Data/Raw/GSE243375/GSE243375_series_matrix.txt,afa138141f53a5f5fc6f09364e0fb9d28ecbb395de22318db12f9624e0d1961c
GSM7784619,GSE243375,True,HER2+,study3,29_site1_core1,Breast tumor tissue,Breast tumor tissue,early-stage HER2-positive breast cancer,,Pre-treatment,29,GSE243375:29,reported,,"[""tissue: Breast tumor tissue"", ""disease state: early-stage HER2-positive breast cancer"", ""genotype: WT"", ""treatment: Pre-treatment"", ""patient id: 29"", ""her2 heterogeneity: No"", ""pcr: No""]",Data/Raw/GSE243375/GSE243375_series_matrix.txt,afa138141f53a5f5fc6f09364e0fb9d28ecbb395de22318db12f9624e0d1961c
GSM7784620,GSE243375,False,,,30_site1_core2,Breast tumor tissue,Breast tumor tissue,early-stage HER2-positive breast cancer,,Pre-treatment,30,GSE243375:30,reported,unknown,"[""tissue: Breast tumor tissue"", ""disease state: early-stage HER2-positive breast cancer"", ""genotype: WT"", ""treatment: Pre-treatment"", ""patient id: 30"", ""her2 heterogeneity: No"", ""pcr: Yes""]",Data/Raw/GSE243375/GSE243375_series_matrix.txt,afa138141f53a5f5fc6f09364e0fb9d28ecbb395de22318db12f9624e0d1961c
GSM7784621,GSE243375,False,,,30_site2_core1,Breast tumor tissue,Breast tumor tissue,early-stage HER2-positive breast cancer,,Pre-treatment,30,GSE243375:30,reported,unknown,"[""tissue: Breast tumor tissue"", ""disease state: early-stage HER2-positive breast cancer"", ""genotype: WT"", ""treatment: Pre-treatment"", ""patient id: 30"", ""her2 heterogeneity: No"", ""pcr: Yes""]",Data/Raw/GSE243375/GSE243375_series_matrix.txt,afa138141f53a5f5fc6f09364e0fb9d28ecbb395de22318db12f9624e0d1961c
GSM7784622,GSE243375,False,,,31_Residual_Disease,Breast tumor tissue,Breast tumor tissue,early-stage HER2-positive breast cancer,,T-DM1+Pertuzumab,31,GSE243375:31,reported,unknown,"[""tissue: Breast tumor tissue"", ""disease state: early-stage HER2-positive breast cancer"", ""genotype: WT"", ""treatment: T-DM1+Pertuzumab"", ""patient id: 31"", ""her2 heterogeneity: Yes"", ""pcr: No""]",Data/Raw/GSE243375/GSE243375_series_matrix.txt,afa138141f53a5f5fc6f09364e0fb9d28ecbb395de22318db12f9624e0d1961c
GSM7784623,GSE243375,False,,,31_site1_core1,Breast tumor tissue,Breast tumor tissue,early-stage HER2-positive breast cancer,,Pre-treatment,31,GSE243375:31,reported,unknown,"[""tissue: Breast tumor tissue"", ""disease state: early-stage HER2-positive breast cancer"", ""genotype: WT"", ""treatment: Pre-treatment"", ""patient id: 31"", ""her2 heterogeneity: Yes"", ""pcr: No""]",Data/Raw/GSE243375/GSE243375_series_matrix.txt,afa138141f53a5f5fc6f09364e0fb9d28ecbb395de22318db12f9624e0d1961c
GSM7784624,GSE243375,False,,,31_site2_core1,Breast tumor tissue,Breast tumor tissue,early-stage HER2-positive breast cancer,,Pre-treatment,31,GSE243375:31,reported,unknown,"[""tissue: Breast tumor tissue"", ""disease state: early-stage HER2-positive breast cancer"", ""genotype: WT"", ""treatment: Pre-treatment"", ""patient id: 31"", ""her2 heterogeneity: Yes"", ""pcr: No""]",Data/Raw/GSE243375/GSE243375_series_matrix.txt,afa138141f53a5f5fc6f09364e0fb9d28ecbb395de22318db12f9624e0d1961c
GSM7784625,GSE243375,True,HER2+,study3,32_site1_core2,Breast tumor tissue,Breast tumor tissue,early-stage HER2-positive breast cancer,,Pre-treatment,32,GSE243375:32,reported,,"[""tissue: Breast tumor tissue"", ""disease state: early-stage HER2-positive breast cancer"", ""genotype: WT"", ""treatment: Pre-treatment"", ""patient id: 32"", ""her2 heterogeneity: No"", ""pcr: No""]",Data/Raw/GSE243375/GSE243375_series_matrix.txt,afa138141f53a5f5fc6f09364e0fb9d28ecbb395de22318db12f9624e0d1961c
GSM7784626,GSE243375,False,,,32_site2_core2,Breast tumor tissue,Breast tumor tissue,early-stage HER2-positive breast cancer,,Pre-treatment,32,GSE243375:32,reported,unknown,"[""tissue: Breast tumor tissue"", ""disease state: early-stage HER2-positive breast cancer"", ""genotype: WT"", ""treatment: Pre-treatment"", ""patient id: 32"", ""her2 heterogeneity: No"", ""pcr: No""]",Data/Raw/GSE243375/GSE243375_series_matrix.txt,afa138141f53a5f5fc6f09364e0fb9d28ecbb395de22318db12f9624e0d1961c
GSM7784627,GSE243375,False,,,33_Residual_Disease,Breast tumor tissue,Breast tumor tissue,early-stage HER2-positive breast cancer,,T-DM1+Pertuzumab,33,GSE243375:33,reported,unknown,"[""tissue: Breast tumor tissue"", ""disease state: early-stage HER2-positive breast cancer"", ""genotype: WT"", ""treatment: T-DM1+Pertuzumab"", ""patient id: 33"", ""her2 heterogeneity: No"", ""pcr: No""]",Data/Raw/GSE243375/GSE243375_series_matrix.txt,afa138141f53a5f5fc6f09364e0fb9d28ecbb395de22318db12f9624e0d1961c
GSM7784628,GSE243375,False,,,33_site1_core1,Breast tumor tissue,Breast tumor tissue,early-stage HER2-positive breast cancer,,Pre-treatment,33,GSE243375:33,reported,unknown,"[""tissue: Breast tumor tissue"", ""disease state: early-stage HER2-positive breast cancer"", ""genotype: WT"", ""treatment: Pre-treatment"", ""patient id: 33"", ""her2 heterogeneity: No"", ""pcr: No""]",Data/Raw/GSE243375/GSE243375_series_matrix.txt,afa138141f53a5f5fc6f09364e0fb9d28ecbb395de22318db12f9624e0d1961c
GSM7784629,GSE243375,False,,,33_site2_core1,Breast tumor tissue,Breast tumor tissue,early-stage HER2-positive breast cancer,,Pre-treatment,33,GSE243375:33,reported,unknown,"[""tissue: Breast tumor tissue"", ""disease state: early-stage HER2-positive breast cancer"", ""genotype: WT"", ""treatment: Pre-treatment"", ""patient id: 33"", ""her2 heterogeneity: No"", ""pcr: No""]",Data/Raw/GSE243375/GSE243375_series_matrix.txt,afa138141f53a5f5fc6f09364e0fb9d28ecbb395de22318db12f9624e0d1961c
GSM7784630,GSE243375,True,HER2+,study3,34_site1_core2,Breast tumor tissue,Breast tumor tissue,early-stage HER2-positive breast cancer,,Pre-treatment,34,GSE243375:34,reported,,"[""tissue: Breast tumor tissue"", ""disease state: early-stage HER2-positive breast cancer"", ""genotype: WT"", ""treatment: Pre-treatment"", ""patient id: 34"", ""her2 heterogeneity: No"", ""pcr: Yes""]",Data/Raw/GSE243375/GSE243375_series_matrix.txt,afa138141f53a5f5fc6f09364e0fb9d28ecbb395de22318db12f9624e0d1961c
GSM7784631,GSE243375,True,HER2+,study3,34_site2_core2,Breast tumor tissue,Breast tumor tissue,early-stage HER2-positive breast cancer,,Pre-treatment,34,GSE243375:34,reported,,"[""tissue: Breast tumor tissue"", ""disease state: early-stage HER2-positive breast cancer"", ""genotype: WT"", ""treatment: Pre-treatment"", ""patient id: 34"", ""her2 heterogeneity: No"", ""pcr: Yes""]",Data/Raw/GSE243375/GSE243375_series_matrix.txt,afa138141f53a5f5fc6f09364e0fb9d28ecbb395de22318db12f9624e0d1961c
GSM7784632,GSE243375,True,HER2+,study3,35_site1_core2,Breast tumor tissue,Breast tumor tissue,early-stage HER2-positive breast cancer,,Pre-treatment,35,GSE243375:35,reported,,"[""tissue: Breast tumor tissue"", ""disease state: early-stage HER2-positive breast cancer"", ""genotype: WT"", ""treatment: Pre-treatment"", ""patient id: 35"", ""her2 heterogeneity: No"", ""pcr: Yes""]",Data/Raw/GSE243375/GSE243375_series_matrix.txt,afa138141f53a5f5fc6f09364e0fb9d28ecbb395de22318db12f9624e0d1961c
GSM7784633,GSE243375,True,HER2+,study3,35_site2_core1,Breast tumor tissue,Breast tumor tissue,early-stage HER2-positive breast cancer,,Pre-treatment,35,GSE243375:35,reported,,"[""tissue: Breast tumor tissue"", ""disease state: early-stage HER2-positive breast cancer"", ""genotype: WT"", ""treatment: Pre-treatment"", ""patient id: 35"", ""her2 heterogeneity: No"", ""pcr: Yes""]",Data/Raw/GSE243375/GSE243375_series_matrix.txt,afa138141f53a5f5fc6f09364e0fb9d28ecbb395de22318db12f9624e0d1961c
GSM7784634,GSE243375,True,HER2+,study3,36_site1_core1,Breast tumor tissue,Breast tumor tissue,early-stage HER2-positive breast cancer,,Pre-treatment,36,GSE243375:36,reported,,"[""tissue: Breast tumor tissue"", ""disease state: early-stage HER2-positive breast cancer"", ""genotype: WT"", ""treatment: Pre-treatment"", ""patient id: 36"", ""her2 heterogeneity: No"", ""pcr: Yes""]",Data/Raw/GSE243375/GSE243375_series_matrix.txt,afa138141f53a5f5fc6f09364e0fb9d28ecbb395de22318db12f9624e0d1961c
GSM7784635,GSE243375,True,HER2+,study3,36_site2_core1,Breast tumor tissue,Breast tumor tissue,early-stage HER2-positive breast cancer,,Pre-treatment,36,GSE243375:36,reported,,"[""tissue: Breast tumor tissue"", ""disease state: early-stage HER2-positive breast cancer"", ""genotype: WT"", ""treatment: Pre-treatment"", ""patient id: 36"", ""her2 heterogeneity: No"", ""pcr: Yes""]",Data/Raw/GSE243375/GSE243375_series_matrix.txt,afa138141f53a5f5fc6f09364e0fb9d28ecbb395de22318db12f9624e0d1961c
GSM7784636,GSE243375,False,,,37_Residual_Disease,Breast tumor tissue,Breast tumor tissue,early-stage HER2-positive breast cancer,,T-DM1+Pertuzumab,37,GSE243375:37,reported,unknown,"[""tissue: Breast tumor tissue"", ""disease state: early-stage HER2-positive breast cancer"", ""genotype: WT"", ""treatment: T-DM1+Pertuzumab"", ""patient id: 37"", ""her2 heterogeneity: No"", ""pcr: No""]",Data/Raw/GSE243375/GSE243375_series_matrix.txt,afa138141f53a5f5fc6f09364e0fb9d28ecbb395de22318db12f9624e0d1961c
GSM7784637,GSE243375,True,HER2+,study3,37_site1_core2,Breast tumor tissue,Breast tumor tissue,early-stage HER2-positive breast cancer,,Pre-treatment,37,GSE243375:37,reported,,"[""tissue: Breast tumor tissue"", ""disease state: early-stage HER2-positive breast cancer"", ""genotype: WT"", ""treatment: Pre-treatment"", ""patient id: 37"", ""her2 heterogeneity: No"", ""pcr: No""]",Data/Raw/GSE243375/GSE243375_series_matrix.txt,afa138141f53a5f5fc6f09364e0fb9d28ecbb395de22318db12f9624e0d1961c
GSM7784638,GSE243375,True,HER2+,study3,37_site2_core2,Breast tumor tissue,Breast tumor tissue,early-stage HER2-positive breast cancer,,Pre-treatment,37,GSE243375:37,reported,,"[""tissue: Breast tumor tissue"", ""disease state: early-stage HER2-positive breast cancer"", ""genotype: WT"", ""treatment: Pre-treatment"", ""patient id: 37"", ""her2 heterogeneity: No"", ""pcr: No""]",Data/Raw/GSE243375/GSE243375_series_matrix.txt,afa138141f53a5f5fc6f09364e0fb9d28ecbb395de22318db12f9624e0d1961c
GSM7784639,GSE243375,True,HER2+,study3,38_site1_core2,Breast tumor tissue,Breast tumor tissue,early-stage HER2-positive breast cancer,,Pre-treatment,38,GSE243375:38,reported,,"[""tissue: Breast tumor tissue"", ""disease state: early-stage HER2-positive breast cancer"", ""genotype: WT"", ""treatment: Pre-treatment"", ""patient id: 38"", ""her2 heterogeneity: Yes"", ""pcr: No""]",Data/Raw/GSE243375/GSE243375_series_matrix.txt,afa138141f53a5f5fc6f09364e0fb9d28ecbb395de22318db12f9624e0d1961c
GSM7784640,GSE243375,True,HER2+,study3,38_site2_core1,Breast tumor tissue,Breast tumor tissue,early-stage HER2-positive breast cancer,,Pre-treatment,38,GSE243375:38,reported,,"[""tissue: Breast tumor tissue"", ""disease state: early-stage HER2-positive breast cancer"", ""genotype: WT"", ""treatment: Pre-treatment"", ""patient id: 38"", ""her2 heterogeneity: Yes"", ""pcr: No""]",Data/Raw/GSE243375/GSE243375_series_matrix.txt,afa138141f53a5f5fc6f09364e0fb9d28ecbb395de22318db12f9624e0d1961c
GSM7784641,GSE243375,True,HER2+,study3,39_site1_core2,Breast tumor tissue,Breast tumor tissue,early-stage HER2-positive breast cancer,,Pre-treatment,39,GSE243375:39,reported,,"[""tissue: Breast tumor tissue"", ""disease state: early-stage HER2-positive breast cancer"", ""genotype: WT"", ""treatment: Pre-treatment"", ""patient id: 39"", ""her2 heterogeneity: No"", ""pcr: Yes""]",Data/Raw/GSE243375/GSE243375_series_matrix.txt,afa138141f53a5f5fc6f09364e0fb9d28ecbb395de22318db12f9624e0d1961c
GSM7784642,GSE243375,False,,,39_site2_core1,Breast tumor tissue,Breast tumor tissue,early-stage HER2-positive breast cancer,,Pre-treatment,39,GSE243375:39,reported,unknown,"[""tissue: Breast tumor tissue"", ""disease state: early-stage HER2-positive breast cancer"", ""genotype: WT"", ""treatment: Pre-treatment"", ""patient id: 39"", ""her2 heterogeneity: No"", ""pcr: Yes""]",Data/Raw/GSE243375/GSE243375_series_matrix.txt,afa138141f53a5f5fc6f09364e0fb9d28ecbb395de22318db12f9624e0d1961c
GSM7784643,GSE243375,False,,,40_Residual_Disease,Breast tumor tissue,Breast tumor tissue,early-stage HER2-positive breast cancer,,T-DM1+Pertuzumab,40,GSE243375:40,reported,unknown,"[""tissue: Breast tumor tissue"", ""disease state: early-stage HER2-positive breast cancer"", ""genotype: WT"", ""treatment: T-DM1+Pertuzumab"", ""patient id: 40"", ""her2 heterogeneity: Yes"", ""pcr: No""]",Data/Raw/GSE243375/GSE243375_series_matrix.txt,afa138141f53a5f5fc6f09364e0fb9d28ecbb395de22318db12f9624e0d1961c
GSM7784644,GSE243375,False,,,40_site1_core1,Breast tumor tissue,Breast tumor tissue,early-stage HER2-positive breast cancer,,Pre-treatment,40,GSE243375:40,reported,unknown,"[""tissue: Breast tumor tissue"", ""disease state: early-stage HER2-positive breast cancer"", ""genotype: WT"", ""treatment: Pre-treatment"", ""patient id: 40"", ""her2 heterogeneity: Yes"", ""pcr: No""]",Data/Raw/GSE243375/GSE243375_series_matrix.txt,afa138141f53a5f5fc6f09364e0fb9d28ecbb395de22318db12f9624e0d1961c
GSM7784645,GSE243375,True,HER2+,study3,40_site2_core2,Breast tumor tissue,Breast tumor tissue,early-stage HER2-positive breast cancer,,Pre-treatment,40,GSE243375:40,reported,,"[""tissue: Breast tumor tissue"", ""disease state: early-stage HER2-positive breast cancer"", ""genotype: WT"", ""treatment: Pre-treatment"", ""patient id: 40"", ""her2 heterogeneity: Yes"", ""pcr: No""]",Data/Raw/GSE243375/GSE243375_series_matrix.txt,afa138141f53a5f5fc6f09364e0fb9d28ecbb395de22318db12f9624e0d1961c
GSM7784646,GSE243375,False,,,42_site1_core1,Breast tumor tissue,Breast tumor tissue,early-stage HER2-positive breast cancer,,Pre-treatment,42,GSE243375:42,reported,unknown,"[""tissue: Breast tumor tissue"", ""disease state: early-stage HER2-positive breast cancer"", ""genotype: WT"", ""treatment: Pre-treatment"", ""patient id: 42"", ""her2 heterogeneity: No"", ""pcr: No""]",Data/Raw/GSE243375/GSE243375_series_matrix.txt,afa138141f53a5f5fc6f09364e0fb9d28ecbb395de22318db12f9624e0d1961c
GSM7784647,GSE243375,False,,,42_site2_core1,Breast tumor tissue,Breast tumor tissue,early-stage HER2-positive breast cancer,,Pre-treatment,42,GSE243375:42,reported,unknown,"[""tissue: Breast tumor tissue"", ""disease state: early-stage HER2-positive breast cancer"", ""genotype: WT"", ""treatment: Pre-treatment"", ""patient id: 42"", ""her2 heterogeneity: No"", ""pcr: No""]",Data/Raw/GSE243375/GSE243375_series_matrix.txt,afa138141f53a5f5fc6f09364e0fb9d28ecbb395de22318db12f9624e0d1961c
GSM7784648,GSE243375,True,HER2+,study3,43_site1_core2,Breast tumor tissue,Breast tumor tissue,early-stage HER2-positive breast cancer,,Pre-treatment,43,GSE243375:43,reported,,"[""tissue: Breast tumor tissue"", ""disease state: early-stage HER2-positive breast cancer"", ""genotype: WT"", ""treatment: Pre-treatment"", ""patient id: 43"", ""her2 heterogeneity: No"", ""pcr: Yes""]",Data/Raw/GSE243375/GSE243375_series_matrix.txt,afa138141f53a5f5fc6f09364e0fb9d28ecbb395de22318db12f9624e0d1961c
GSM7784649,GSE243375,True,HER2+,study3,43_site2_core1,Breast tumor tissue,Breast tumor tissue,early-stage HER2-positive breast cancer,,Pre-treatment,43,GSE243375:43,reported,,"[""tissue: Breast tumor tissue"", ""disease state: early-stage HER2-positive breast cancer"", ""genotype: WT"", ""treatment: Pre-treatment"", ""patient id: 43"", ""her2 heterogeneity: No"", ""pcr: Yes""]",Data/Raw/GSE243375/GSE243375_series_matrix.txt,afa138141f53a5f5fc6f09364e0fb9d28ecbb395de22318db12f9624e0d1961c
GSM7784650,GSE243375,True,HER2+,study3,44_site1_core1,Breast tumor tissue,Breast tumor tissue,early-stage HER2-positive breast cancer,,Pre-treatment,44,GSE243375:44,reported,,"[""tissue: Breast tumor tissue"", ""disease state: early-stage HER2-positive breast cancer"", ""genotype: WT"", ""treatment: Pre-treatment"", ""patient id: 44"", ""her2 heterogeneity: No"", ""pcr: Yes""]",Data/Raw/GSE243375/GSE243375_series_matrix.txt,afa138141f53a5f5fc6f09364e0fb9d28ecbb395de22318db12f9624e0d1961c
GSM7784651,GSE243375,False,,,44_site2_core1,Breast tumor tissue,Breast tumor tissue,early-stage HER2-positive breast cancer,,Pre-treatment,44,GSE243375:44,reported,unknown,"[""tissue: Breast tumor tissue"", ""disease state: early-stage HER2-positive breast cancer"", ""genotype: WT"", ""treatment: Pre-treatment"", ""patient id: 44"", ""her2 heterogeneity: No"", ""pcr: Yes""]",Data/Raw/GSE243375/GSE243375_series_matrix.txt,afa138141f53a5f5fc6f09364e0fb9d28ecbb395de22318db12f9624e0d1961c
GSM7784652,GSE243375,False,,,45_site1_core1,Breast tumor tissue,Breast tumor tissue,early-stage HER2-positive breast cancer,,Pre-treatment,45,GSE243375:45,reported,unknown,"[""tissue: Breast tumor tissue"", ""disease state: early-stage HER2-positive breast cancer"", ""genotype: WT"", ""treatment: Pre-treatment"", ""patient id: 45"", ""her2 heterogeneity: No"", ""pcr: Yes""]",Data/Raw/GSE243375/GSE243375_series_matrix.txt,afa138141f53a5f5fc6f09364e0fb9d28ecbb395de22318db12f9624e0d1961c
GSM7784653,GSE243375,False,,,45_site2_core1,Breast tumor tissue,Breast tumor tissue,early-stage HER2-positive breast cancer,,Pre-treatment,45,GSE243375:45,reported,unknown,"[""tissue: Breast tumor tissue"", ""disease state: early-stage HER2-positive breast cancer"", ""genotype: WT"", ""treatment: Pre-treatment"", ""patient id: 45"", ""her2 heterogeneity: No"", ""pcr: Yes""]",Data/Raw/GSE243375/GSE243375_series_matrix.txt,afa138141f53a5f5fc6f09364e0fb9d28ecbb395de22318db12f9624e0d1961c
GSM7784654,GSE243375,False,,,46_Residual_Disease,Breast tumor tissue,Breast tumor tissue,early-stage HER2-positive breast cancer,,T-DM1+Pertuzumab,46,GSE243375:46,reported,unknown,"[""tissue: Breast tumor tissue"", ""disease state: early-stage HER2-positive breast cancer"", ""genotype: WT"", ""treatment: T-DM1+Pertuzumab"", ""patient id: 46"", ""her2 heterogeneity: No"", ""pcr: No""]",Data/Raw/GSE243375/GSE243375_series_matrix.txt,afa138141f53a5f5fc6f09364e0fb9d28ecbb395de22318db12f9624e0d1961c
GSM7784655,GSE243375,False,,,46_site2_core1,Breast tumor tissue,Breast tumor tissue,early-stage HER2-positive breast cancer,,Pre-treatment,46,GSE243375:46,reported,unknown,"[""tissue: Breast tumor tissue"", ""disease state: early-stage HER2-positive breast cancer"", ""genotype: WT"", ""treatment: Pre-treatment"", ""patient id: 46"", ""her2 heterogeneity: No"", ""pcr: No""]",Data/Raw/GSE243375/GSE243375_series_matrix.txt,afa138141f53a5f5fc6f09364e0fb9d28ecbb395de22318db12f9624e0d1961c
GSM7784656,GSE243375,True,HER2+,study3,46_site2_core2,Breast tumor tissue,Breast tumor tissue,early-stage HER2-positive breast cancer,,Pre-treatment,46,GSE243375:46,reported,,"[""tissue: Breast tumor tissue"", ""disease state: early-stage HER2-positive breast cancer"", ""genotype: WT"", ""treatment: Pre-treatment"", ""patient id: 46"", ""her2 heterogeneity: No"", ""pcr: No""]",Data/Raw/GSE243375/GSE243375_series_matrix.txt,afa138141f53a5f5fc6f09364e0fb9d28ecbb395de22318db12f9624e0d1961c
GSM7784657,GSE243375,False,,,47_Residual_Disease,Breast tumor tissue,Breast tumor tissue,early-stage HER2-positive breast cancer,,T-DM1+Pertuzumab,47,GSE243375:47,reported,unknown,"[""tissue: Breast tumor tissue"", ""disease state: early-stage HER2-positive breast cancer"", ""genotype: WT"", ""treatment: T-DM1+Pertuzumab"", ""patient id: 47"", ""her2 heterogeneity: No"", ""pcr: No""]",Data/Raw/GSE243375/GSE243375_series_matrix.txt,afa138141f53a5f5fc6f09364e0fb9d28ecbb395de22318db12f9624e0d1961c
GSM7784658,GSE243375,True,HER2+,study3,47_site1_core2,Breast tumor tissue,Breast tumor tissue,early-stage HER2-positive breast cancer,,Pre-treatment,47,GSE243375:47,reported,,"[""tissue: Breast tumor tissue"", ""disease state: early-stage HER2-positive breast cancer"", ""genotype: WT"", ""treatment: Pre-treatment"", ""patient id: 47"", ""her2 heterogeneity: No"", ""pcr: No""]",Data/Raw/GSE243375/GSE243375_series_matrix.txt,afa138141f53a5f5fc6f09364e0fb9d28ecbb395de22318db12f9624e0d1961c
GSM7784659,GSE243375,True,HER2+,study3,47_site2_core1,Breast tumor tissue,Breast tumor tissue,early-stage HER2-positive breast cancer,,Pre-treatment,47,GSE243375:47,reported,,"[""tissue: Breast tumor tissue"", ""disease state: early-stage HER2-positive breast cancer"", ""genotype: WT"", ""treatment: Pre-treatment"", ""patient id: 47"", ""her2 heterogeneity: No"", ""pcr: No""]",Data/Raw/GSE243375/GSE243375_series_matrix.txt,afa138141f53a5f5fc6f09364e0fb9d28ecbb395de22318db12f9624e0d1961c
GSM7784660,GSE243375,False,,,48_Residual_Disease,Breast tumor tissue,Breast tumor tissue,early-stage HER2-positive breast cancer,,T-DM1+Pertuzumab,48,GSE243375:48,reported,unknown,"[""tissue: Breast tumor tissue"", ""disease state: early-stage HER2-positive breast cancer"", ""genotype: WT"", ""treatment: T-DM1+Pertuzumab"", ""patient id: 48"", ""her2 heterogeneity: Yes"", ""pcr: No""]",Data/Raw/GSE243375/GSE243375_series_matrix.txt,afa138141f53a5f5fc6f09364e0fb9d28ecbb395de22318db12f9624e0d1961c
GSM7784661,GSE243375,False,,,48_site1_core1,Breast tumor tissue,Breast tumor tissue,early-stage HER2-positive breast cancer,,Pre-treatment,48,GSE243375:48,reported,unknown,"[""tissue: Breast tumor tissue"", ""disease state: early-stage HER2-positive breast cancer"", ""genotype: WT"", ""treatment: Pre-treatment"", ""patient id: 48"", ""her2 heterogeneity: No"", ""pcr: No""]",Data/Raw/GSE243375/GSE243375_series_matrix.txt,afa138141f53a5f5fc6f09364e0fb9d28ecbb395de22318db12f9624e0d1961c
GSM7784662,GSE243375,False,,,48_site1_core3,Breast tumor tissue,Breast tumor tissue,early-stage HER2-positive breast cancer,,Pre-treatment,48,GSE243375:48,reported,unknown,"[""tissue: Breast tumor tissue"", ""disease state: early-stage HER2-positive breast cancer"", ""genotype: WT"", ""treatment: Pre-treatment"", ""patient id: 48"", ""her2 heterogeneity: No"", ""pcr: No""]",Data/Raw/GSE243375/GSE243375_series_matrix.txt,afa138141f53a5f5fc6f09364e0fb9d28ecbb395de22318db12f9624e0d1961c
GSM7784663,GSE243375,True,HER2+,study3,49_site1_core1,Breast tumor tissue,Breast tumor tissue,early-stage HER2-positive breast cancer,,Pre-treatment,49,GSE243375:49,reported,,"[""tissue: Breast tumor tissue"", ""disease state: early-stage HER2-positive breast cancer"", ""genotype: WT"", ""treatment: Pre-treatment"", ""patient id: 49"", ""her2 heterogeneity: No"", ""pcr: Yes""]",Data/Raw/GSE243375/GSE243375_series_matrix.txt,afa138141f53a5f5fc6f09364e0fb9d28ecbb395de22318db12f9624e0d1961c
GSM7784664,GSE243375,False,,,49_site2_core2,Breast tumor tissue,Breast tumor tissue,early-stage HER2-positive breast cancer,,Pre-treatment,49,GSE243375:49,reported,unknown,"[""tissue: Breast tumor tissue"", ""disease state: early-stage HER2-positive breast cancer"", ""genotype: WT"", ""treatment: Pre-treatment"", ""patient id: 49"", ""her2 heterogeneity: No"", ""pcr: Yes""]",Data/Raw/GSE243375/GSE243375_series_matrix.txt,afa138141f53a5f5fc6f09364e0fb9d28ecbb395de22318db12f9624e0d1961c
GSM7784665,GSE243375,True,HER2+,study3,50_site1_core2,Breast tumor tissue,Breast tumor tissue,early-stage HER2-positive breast cancer,,Pre-treatment,50,GSE243375:50,reported,,"[""tissue: Breast tumor tissue"", ""disease state: early-stage HER2-positive breast cancer"", ""genotype: WT"", ""treatment: Pre-treatment"", ""patient id: 50"", ""her2 heterogeneity: No"", ""pcr: Yes""]",Data/Raw/GSE243375/GSE243375_series_matrix.txt,afa138141f53a5f5fc6f09364e0fb9d28ecbb395de22318db12f9624e0d1961c
GSM7784666,GSE243375,True,HER2+,study3,50_site2_core2,Breast tumor tissue,Breast tumor tissue,early-stage HER2-positive breast cancer,,Pre-treatment,50,GSE243375:50,reported,,"[""tissue: Breast tumor tissue"", ""disease state: early-stage HER2-positive breast cancer"", ""genotype: WT"", ""treatment: Pre-treatment"", ""patient id: 50"", ""her2 heterogeneity: No"", ""pcr: Yes""]",Data/Raw/GSE243375/GSE243375_series_matrix.txt,afa138141f53a5f5fc6f09364e0fb9d28ecbb395de22318db12f9624e0d1961c
GSM7784667,GSE243375,False,,,51_site1_core2,Breast tumor tissue,Breast tumor tissue,early-stage HER2-positive breast cancer,,Pre-treatment,51,GSE243375:51,reported,unknown,"[""tissue: Breast tumor tissue"", ""disease state: early-stage HER2-positive breast cancer"", ""genotype: WT"", ""treatment: Pre-treatment"", ""patient id: 51"", ""her2 heterogeneity: No"", ""pcr: Yes""]",Data/Raw/GSE243375/GSE243375_series_matrix.txt,afa138141f53a5f5fc6f09364e0fb9d28ecbb395de22318db12f9624e0d1961c
GSM7784668,GSE243375,False,,,51_site2_core1,Breast tumor tissue,Breast tumor tissue,early-stage HER2-positive breast cancer,,Pre-treatment,51,GSE243375:51,reported,unknown,"[""tissue: Breast tumor tissue"", ""disease state: early-stage HER2-positive breast cancer"", ""genotype: WT"", ""treatment: Pre-treatment"", ""patient id: 51"", ""her2 heterogeneity: No"", ""pcr: Yes""]",Data/Raw/GSE243375/GSE243375_series_matrix.txt,afa138141f53a5f5fc6f09364e0fb9d28ecbb395de22318db12f9624e0d1961c
GSM7784669,GSE243375,True,HER2+,study3,52_site1_core2,Breast tumor tissue,Breast tumor tissue,early-stage HER2-positive breast cancer,,Pre-treatment,52,GSE243375:52,reported,,"[""tissue: Breast tumor tissue"", ""disease state: early-stage HER2-positive breast cancer"", ""genotype: WT"", ""treatment: Pre-treatment"", ""patient id: 52"", ""her2 heterogeneity: Yes"", ""pcr: No""]",Data/Raw/GSE243375/GSE243375_series_matrix.txt,afa138141f53a5f5fc6f09364e0fb9d28ecbb395de22318db12f9624e0d1961c
GSM7784670,GSE243375,False,,,52_site2_core2,Breast tumor tissue,Breast tumor tissue,early-stage HER2-positive breast cancer,,Pre-treatment,52,GSE243375:52,reported,unknown,"[""tissue: Breast tumor tissue"", ""disease state: early-stage HER2-positive breast cancer"", ""genotype: WT"", ""treatment: Pre-treatment"", ""patient id: 52"", ""her2 heterogeneity: Yes"", ""pcr: No""]",Data/Raw/GSE243375/GSE243375_series_matrix.txt,afa138141f53a5f5fc6f09364e0fb9d28ecbb395de22318db12f9624e0d1961c
GSM7784671,GSE243375,True,HER2+,study3,53_site1_core1,Breast tumor tissue,Breast tumor tissue,early-stage HER2-positive breast cancer,,Pre-treatment,53,GSE243375:53,reported,,"[""tissue: Breast tumor tissue"", ""disease state: early-stage HER2-positive breast cancer"", ""genotype: WT"", ""treatment: Pre-treatment"", ""patient id: 53"", ""her2 heterogeneity: No"", ""pcr: Yes""]",Data/Raw/GSE243375/GSE243375_series_matrix.txt,afa138141f53a5f5fc6f09364e0fb9d28ecbb395de22318db12f9624e0d1961c
GSM7784672,GSE243375,False,,,53_site2_core2,Breast tumor tissue,Breast tumor tissue,early-stage HER2-positive breast cancer,,Pre-treatment,53,GSE243375:53,reported,unknown,"[""tissue: Breast tumor tissue"", ""disease state: early-stage HER2-positive breast cancer"", ""genotype: WT"", ""treatment: Pre-treatment"", ""patient id: 53"", ""her2 heterogeneity: No"", ""pcr: Yes""]",Data/Raw/GSE243375/GSE243375_series_matrix.txt,afa138141f53a5f5fc6f09364e0fb9d28ecbb395de22318db12f9624e0d1961c
GSM7784673,GSE243375,False,,,54_site1_core1,Breast tumor tissue,Breast tumor tissue,early-stage HER2-positive breast cancer,,Pre-treatment,54,GSE243375:54,reported,unknown,"[""tissue: Breast tumor tissue"", ""disease state: early-stage HER2-positive breast cancer"", ""genotype: WT"", ""treatment: Pre-treatment"", ""patient id: 54"", ""her2 heterogeneity: No"", ""pcr: Yes""]",Data/Raw/GSE243375/GSE243375_series_matrix.txt,afa138141f53a5f5fc6f09364e0fb9d28ecbb395de22318db12f9624e0d1961c
GSM7784674,GSE243375,True,HER2+,study3,54_site1_core2,Breast tumor tissue,Breast tumor tissue,early-stage HER2-positive breast cancer,,Pre-treatment,54,GSE243375:54,reported,,"[""tissue: Breast tumor tissue"", ""disease state: early-stage HER2-positive breast cancer"", ""genotype: WT"", ""treatment: Pre-treatment"", ""patient id: 54"", ""her2 heterogeneity: No"", ""pcr: Yes""]",Data/Raw/GSE243375/GSE243375_series_matrix.txt,afa138141f53a5f5fc6f09364e0fb9d28ecbb395de22318db12f9624e0d1961c
GSM7784675,GSE243375,False,,,55_Residual_Disease,Breast tumor tissue,Breast tumor tissue,early-stage HER2-positive breast cancer,,T-DM1+Pertuzumab,55,GSE243375:55,reported,unknown,"[""tissue: Breast tumor tissue"", ""disease state: early-stage HER2-positive breast cancer"", ""genotype: WT"", ""treatment: T-DM1+Pertuzumab"", ""patient id: 55"", ""her2 heterogeneity: No"", ""pcr: No""]",Data/Raw/GSE243375/GSE243375_series_matrix.txt,afa138141f53a5f5fc6f09364e0fb9d28ecbb395de22318db12f9624e0d1961c
GSM7784676,GSE243375,True,HER2+,study3,55_site1_core1,Breast tumor tissue,Breast tumor tissue,early-stage HER2-positive breast cancer,,Pre-treatment,55,GSE243375:55,reported,,"[""tissue: Breast tumor tissue"", ""disease state: early-stage HER2-positive breast cancer"", ""genotype: WT"", ""treatment: Pre-treatment"", ""patient id: 55"", ""her2 heterogeneity: No"", ""pcr: No""]",Data/Raw/GSE243375/GSE243375_series_matrix.txt,afa138141f53a5f5fc6f09364e0fb9d28ecbb395de22318db12f9624e0d1961c
GSM7784677,GSE243375,True,HER2+,study3,55_site2_core2,Breast tumor tissue,Breast tumor tissue,early-stage HER2-positive breast cancer,,Pre-treatment,55,GSE243375:55,reported,,"[""tissue: Breast tumor tissue"", ""disease state: early-stage HER2-positive breast cancer"", ""genotype: WT"", ""treatment: Pre-treatment"", ""patient id: 55"", ""her2 heterogeneity: No"", ""pcr: No""]",Data/Raw/GSE243375/GSE243375_series_matrix.txt,afa138141f53a5f5fc6f09364e0fb9d28ecbb395de22318db12f9624e0d1961c
GSM7784678,GSE243375,True,HER2+,study3,56_site2_core1,Breast tumor tissue,Breast tumor tissue,early-stage HER2-positive breast cancer,,Pre-treatment,56,GSE243375:56,reported,,"[""tissue: Breast tumor tissue"", ""disease state: early-stage HER2-positive breast cancer"", ""genotype: WT"", ""treatment: Pre-treatment"", ""patient id: 56"", ""her2 heterogeneity: No"", ""pcr: No""]",Data/Raw/GSE243375/GSE243375_series_matrix.txt,afa138141f53a5f5fc6f09364e0fb9d28ecbb395de22318db12f9624e0d1961c
GSM7784679,GSE243375,False,,,57_Residual_Disease,Breast tumor tissue,Breast tumor tissue,early-stage HER2-positive breast cancer,,T-DM1+Pertuzumab,57,GSE243375:57,reported,unknown,"[""tissue: Breast tumor tissue"", ""disease state: early-stage HER2-positive breast cancer"", ""genotype: WT"", ""treatment: T-DM1+Pertuzumab"", ""patient id: 57"", ""her2 heterogeneity: No"", ""pcr: No""]",Data/Raw/GSE243375/GSE243375_series_matrix.txt,afa138141f53a5f5fc6f09364e0fb9d28ecbb395de22318db12f9624e0d1961c
GSM7784680,GSE243375,True,HER2+,study3,57_site1_core1,Breast tumor tissue,Breast tumor tissue,early-stage HER2-positive breast cancer,,Pre-treatment,57,GSE243375:57,reported,,"[""tissue: Breast tumor tissue"", ""disease state: early-stage HER2-positive breast cancer"", ""genotype: WT"", ""treatment: Pre-treatment"", ""patient id: 57"", ""her2 heterogeneity: No"", ""pcr: No""]",Data/Raw/GSE243375/GSE243375_series_matrix.txt,afa138141f53a5f5fc6f09364e0fb9d28ecbb395de22318db12f9624e0d1961c
GSM7784681,GSE243375,False,,,57_site2_core2,Breast tumor tissue,Breast tumor tissue,early-stage HER2-positive breast cancer,,Pre-treatment,57,GSE243375:57,reported,unknown,"[""tissue: Breast tumor tissue"", ""disease state: early-stage HER2-positive breast cancer"", ""genotype: WT"", ""treatment: Pre-treatment"", ""patient id: 57"", ""her2 heterogeneity: No"", ""pcr: No""]",Data/Raw/GSE243375/GSE243375_series_matrix.txt,afa138141f53a5f5fc6f09364e0fb9d28ecbb395de22318db12f9624e0d1961c
GSM7784682,GSE243375,True,HER2+,study3,58_site1_core1,Breast tumor tissue,Breast tumor tissue,early-stage HER2-positive breast cancer,,Pre-treatment,58,GSE243375:58,reported,,"[""tissue: Breast tumor tissue"", ""disease state: early-stage HER2-positive breast cancer"", ""genotype: WT"", ""treatment: Pre-treatment"", ""patient id: 58"", ""her2 heterogeneity: No"", ""pcr: Yes""]",Data/Raw/GSE243375/GSE243375_series_matrix.txt,afa138141f53a5f5fc6f09364e0fb9d28ecbb395de22318db12f9624e0d1961c
GSM7784683,GSE243375,True,HER2+,study3,58_site2_core1,Breast tumor tissue,Breast tumor tissue,early-stage HER2-positive breast cancer,,Pre-treatment,58,GSE243375:58,reported,,"[""tissue: Breast tumor tissue"", ""disease state: early-stage HER2-positive breast cancer"", ""genotype: WT"", ""treatment: Pre-treatment"", ""patient id: 58"", ""her2 heterogeneity: No"", ""pcr: Yes""]",Data/Raw/GSE243375/GSE243375_series_matrix.txt,afa138141f53a5f5fc6f09364e0fb9d28ecbb395de22318db12f9624e0d1961c
GSM7784684,GSE243375,False,,,59_Residual_Disease,Breast tumor tissue,Breast tumor tissue,early-stage HER2-positive breast cancer,,T-DM1+Pertuzumab,59,GSE243375:59,reported,unknown,"[""tissue: Breast tumor tissue"", ""disease state: early-stage HER2-positive breast cancer"", ""genotype: WT"", ""treatment: T-DM1+Pertuzumab"", ""patient id: 59"", ""her2 heterogeneity: No"", ""pcr: No""]",Data/Raw/GSE243375/GSE243375_series_matrix.txt,afa138141f53a5f5fc6f09364e0fb9d28ecbb395de22318db12f9624e0d1961c
GSM7784685,GSE243375,True,HER2+,study3,59_site1_core2,Breast tumor tissue,Breast tumor tissue,early-stage HER2-positive breast cancer,,Pre-treatment,59,GSE243375:59,reported,,"[""tissue: Breast tumor tissue"", ""disease state: early-stage HER2-positive breast cancer"", ""genotype: WT"", ""treatment: Pre-treatment"", ""patient id: 59"", ""her2 heterogeneity: No"", ""pcr: No""]",Data/Raw/GSE243375/GSE243375_series_matrix.txt,afa138141f53a5f5fc6f09364e0fb9d28ecbb395de22318db12f9624e0d1961c
GSM7784686,GSE243375,True,HER2+,study3,59_site2_core2,Breast tumor tissue,Breast tumor tissue,early-stage HER2-positive breast cancer,,Pre-treatment,59,GSE243375:59,reported,,"[""tissue: Breast tumor tissue"", ""disease state: early-stage HER2-positive breast cancer"", ""genotype: WT"", ""treatment: Pre-treatment"", ""patient id: 59"", ""her2 heterogeneity: No"", ""pcr: No""]",Data/Raw/GSE243375/GSE243375_series_matrix.txt,afa138141f53a5f5fc6f09364e0fb9d28ecbb395de22318db12f9624e0d1961c
GSM7784687,GSE243375,False,,,60_site2_core1,Breast tumor tissue,Breast tumor tissue,early-stage HER2-positive breast cancer,,Pre-treatment,60,GSE243375:60,reported,unknown,"[""tissue: Breast tumor tissue"", ""disease state: early-stage HER2-positive breast cancer"", ""genotype: WT"", ""treatment: Pre-treatment"", ""patient id: 60"", ""her2 heterogeneity: Yes"", ""pcr: No""]",Data/Raw/GSE243375/GSE243375_series_matrix.txt,afa138141f53a5f5fc6f09364e0fb9d28ecbb395de22318db12f9624e0d1961c
GSM7784688,GSE243375,False,,,60_site2_core2,Breast tumor tissue,Breast tumor tissue,early-stage HER2-positive breast cancer,,Pre-treatment,60,GSE243375:60,reported,unknown,"[""tissue: Breast tumor tissue"", ""disease state: early-stage HER2-positive breast cancer"", ""genotype: WT"", ""treatment: Pre-treatment"", ""patient id: 60"", ""her2 heterogeneity: Yes"", ""pcr: No""]",Data/Raw/GSE243375/GSE243375_series_matrix.txt,afa138141f53a5f5fc6f09364e0fb9d28ecbb395de22318db12f9624e0d1961c
GSM7784689,GSE243375,True,HER2+,study3,61_site1_core2,Breast tumor tissue,Breast tumor tissue,early-stage HER2-positive breast cancer,,Pre-treatment,61,GSE243375:61,reported,,"[""tissue: Breast tumor tissue"", ""disease state: early-stage HER2-positive breast cancer"", ""genotype: WT"", ""treatment: Pre-treatment"", ""patient id: 61"", ""her2 heterogeneity: No"", ""pcr: Yes""]",Data/Raw/GSE243375/GSE243375_series_matrix.txt,afa138141f53a5f5fc6f09364e0fb9d28ecbb395de22318db12f9624e0d1961c
GSM7784690,GSE243375,True,HER2+,study3,61_site2_core2,Breast tumor tissue,Breast tumor tissue,early-stage HER2-positive breast cancer,,Pre-treatment,61,GSE243375:61,reported,,"[""tissue: Breast tumor tissue"", ""disease state: early-stage HER2-positive breast cancer"", ""genotype: WT"", ""treatment: Pre-treatment"", ""patient id: 61"", ""her2 heterogeneity: No"", ""pcr: Yes""]",Data/Raw/GSE243375/GSE243375_series_matrix.txt,afa138141f53a5f5fc6f09364e0fb9d28ecbb395de22318db12f9624e0d1961c
GSM7784691,GSE243375,False,,,62_Residual_Disease,Breast tumor tissue,Breast tumor tissue,early-stage HER2-positive breast cancer,,T-DM1+Pertuzumab,62,GSE243375:62,reported,unknown,"[""tissue: Breast tumor tissue"", ""disease state: early-stage HER2-positive breast cancer"", ""genotype: WT"", ""treatment: T-DM1+Pertuzumab"", ""patient id: 62"", ""her2 heterogeneity: No"", ""pcr: No""]",Data/Raw/GSE243375/GSE243375_series_matrix.txt,afa138141f53a5f5fc6f09364e0fb9d28ecbb395de22318db12f9624e0d1961c
GSM7784692,GSE243375,False,,,62_site1_core1,Breast tumor tissue,Breast tumor tissue,early-stage HER2-positive breast cancer,,Pre-treatment,62,GSE243375:62,reported,unknown,"[""tissue: Breast tumor tissue"", ""disease state: early-stage HER2-positive breast cancer"", ""genotype: WT"", ""treatment: Pre-treatment"", ""patient id: 62"", ""her2 heterogeneity: No"", ""pcr: No""]",Data/Raw/GSE243375/GSE243375_series_matrix.txt,afa138141f53a5f5fc6f09364e0fb9d28ecbb395de22318db12f9624e0d1961c
GSM7784693,GSE243375,False,,,62_site2_core2,Breast tumor tissue,Breast tumor tissue,early-stage HER2-positive breast cancer,,Pre-treatment,62,GSE243375:62,reported,unknown,"[""tissue: Breast tumor tissue"", ""disease state: early-stage HER2-positive breast cancer"", ""genotype: WT"", ""treatment: Pre-treatment"", ""patient id: 62"", ""her2 heterogeneity: No"", ""pcr: No""]",Data/Raw/GSE243375/GSE243375_series_matrix.txt,afa138141f53a5f5fc6f09364e0fb9d28ecbb395de22318db12f9624e0d1961c
GSM7784694,GSE243375,False,,,63_Residual_Disease,Breast tumor tissue,Breast tumor tissue,early-stage HER2-positive breast cancer,,T-DM1+Pertuzumab,63,GSE243375:63,reported,unknown,"[""tissue: Breast tumor tissue"", ""disease state: early-stage HER2-positive breast cancer"", ""genotype: WT"", ""treatment: T-DM1+Pertuzumab"", ""patient id: 63"", ""her2 heterogeneity: No"", ""pcr: No""]",Data/Raw/GSE243375/GSE243375_series_matrix.txt,afa138141f53a5f5fc6f09364e0fb9d28ecbb395de22318db12f9624e0d1961c
GSM7784695,GSE243375,False,,,63_site1_core1,Breast tumor tissue,Breast tumor tissue,early-stage HER2-positive breast cancer,,Pre-treatment,63,GSE243375:63,reported,unknown,"[""tissue: Breast tumor tissue"", ""disease state: early-stage HER2-positive breast cancer"", ""genotype: WT"", ""treatment: Pre-treatment"", ""patient id: 63"", ""her2 heterogeneity: No"", ""pcr: No""]",Data/Raw/GSE243375/GSE243375_series_matrix.txt,afa138141f53a5f5fc6f09364e0fb9d28ecbb395de22318db12f9624e0d1961c
GSM7784696,GSE243375,True,HER2+,study3,63_site2_core2,Breast tumor tissue,Breast tumor tissue,early-stage HER2-positive breast cancer,,Pre-treatment,63,GSE243375:63,reported,,"[""tissue: Breast tumor tissue"", ""disease state: early-stage HER2-positive breast cancer"", ""genotype: WT"", ""treatment: Pre-treatment"", ""patient id: 63"", ""her2 heterogeneity: No"", ""pcr: No""]",Data/Raw/GSE243375/GSE243375_series_matrix.txt,afa138141f53a5f5fc6f09364e0fb9d28ecbb395de22318db12f9624e0d1961c
GSM7784697,GSE243375,False,,,64_site1_core2,Breast tumor tissue,Breast tumor tissue,early-stage HER2-positive breast cancer,,Pre-treatment,64,GSE243375:64,reported,unknown,"[""tissue: Breast tumor tissue"", ""disease state: early-stage HER2-positive breast cancer"", ""genotype: WT"", ""treatment: Pre-treatment"", ""patient id: 64"", ""her2 heterogeneity: No"", ""pcr: Yes""]",Data/Raw/GSE243375/GSE243375_series_matrix.txt,afa138141f53a5f5fc6f09364e0fb9d28ecbb395de22318db12f9624e0d1961c
GSM7784698,GSE243375,False,,,64_site2_core1,Breast tumor tissue,Breast tumor tissue,early-stage HER2-positive breast cancer,,Pre-treatment,64,GSE243375:64,reported,unknown,"[""tissue: Breast tumor tissue"", ""disease state: early-stage HER2-positive breast cancer"", ""genotype: WT"", ""treatment: Pre-treatment"", ""patient id: 64"", ""her2 heterogeneity: No"", ""pcr: Yes""]",Data/Raw/GSE243375/GSE243375_series_matrix.txt,afa138141f53a5f5fc6f09364e0fb9d28ecbb395de22318db12f9624e0d1961c
GSM7784699,GSE243375,False,,,65_site1_core1,Breast tumor tissue,Breast tumor tissue,early-stage HER2-positive breast cancer,,Pre-treatment,65,GSE243375:65,reported,unknown,"[""tissue: Breast tumor tissue"", ""disease state: early-stage HER2-positive breast cancer"", ""genotype: WT"", ""treatment: Pre-treatment"", ""patient id: 65"", ""her2 heterogeneity: No"", ""pcr: No""]",Data/Raw/GSE243375/GSE243375_series_matrix.txt,afa138141f53a5f5fc6f09364e0fb9d28ecbb395de22318db12f9624e0d1961c
GSM7784700,GSE243375,False,,,65_site2_core2,Breast tumor tissue,Breast tumor tissue,early-stage HER2-positive breast cancer,,Pre-treatment,65,GSE243375:65,reported,unknown,"[""tissue: Breast tumor tissue"", ""disease state: early-stage HER2-positive breast cancer"", ""genotype: WT"", ""treatment: Pre-treatment"", ""patient id: 65"", ""her2 heterogeneity: No"", ""pcr: No""]",Data/Raw/GSE243375/GSE243375_series_matrix.txt,afa138141f53a5f5fc6f09364e0fb9d28ecbb395de22318db12f9624e0d1961c
GSM7784701,GSE243375,False,,,66_site1_core2,Breast tumor tissue,Breast tumor tissue,early-stage HER2-positive breast cancer,,Pre-treatment,66,GSE243375:66,reported,unknown,"[""tissue: Breast tumor tissue"", ""disease state: early-stage HER2-positive breast cancer"", ""genotype: WT"", ""treatment: Pre-treatment"", ""patient id: 66"", ""her2 heterogeneity: No"", ""pcr: Yes""]",Data/Raw/GSE243375/GSE243375_series_matrix.txt,afa138141f53a5f5fc6f09364e0fb9d28ecbb395de22318db12f9624e0d1961c
GSM7784702,GSE243375,False,,,66_site2_core1,Breast tumor tissue,Breast tumor tissue,early-stage HER2-positive breast cancer,,Pre-treatment,66,GSE243375:66,reported,unknown,"[""tissue: Breast tumor tissue"", ""disease state: early-stage HER2-positive breast cancer"", ""genotype: WT"", ""treatment: Pre-treatment"", ""patient id: 66"", ""her2 heterogeneity: No"", ""pcr: Yes""]",Data/Raw/GSE243375/GSE243375_series_matrix.txt,afa138141f53a5f5fc6f09364e0fb9d28ecbb395de22318db12f9624e0d1961c
GSM7784703,GSE243375,False,,,67_site1_core2,Breast tumor tissue,Breast tumor tissue,early-stage HER2-positive breast cancer,,Pre-treatment,67,GSE243375:67,reported,unknown,"[""tissue: Breast tumor tissue"", ""disease state: early-stage HER2-positive breast cancer"", ""genotype: WT"", ""treatment: Pre-treatment"", ""patient id: 67"", ""her2 heterogeneity: Yes"", ""pcr: No""]",Data/Raw/GSE243375/GSE243375_series_matrix.txt,afa138141f53a5f5fc6f09364e0fb9d28ecbb395de22318db12f9624e0d1961c
GSM7784704,GSE243375,False,,,67_site2_core1,Breast tumor tissue,Breast tumor tissue,early-stage HER2-positive breast cancer,,Pre-treatment,67,GSE243375:67,reported,unknown,"[""tissue: Breast tumor tissue"", ""disease state: early-stage HER2-positive breast cancer"", ""genotype: WT"", ""treatment: Pre-treatment"", ""patient id: 67"", ""her2 heterogeneity: Yes"", ""pcr: No""]",Data/Raw/GSE243375/GSE243375_series_matrix.txt,afa138141f53a5f5fc6f09364e0fb9d28ecbb395de22318db12f9624e0d1961c
GSM7784705,GSE243375,False,,,68_Residual_Disease,Breast tumor tissue,Breast tumor tissue,early-stage HER2-positive breast cancer,,T-DM1+Pertuzumab,68,GSE243375:68,reported,unknown,"[""tissue: Breast tumor tissue"", ""disease state: early-stage HER2-positive breast cancer"", ""genotype: WT"", ""treatment: T-DM1+Pertuzumab"", ""patient id: 68"", ""her2 heterogeneity: No"", ""pcr: No""]",Data/Raw/GSE243375/GSE243375_series_matrix.txt,afa138141f53a5f5fc6f09364e0fb9d28ecbb395de22318db12f9624e0d1961c
GSM7784706,GSE243375,True,HER2+,study3,68_site1_core2,Breast tumor tissue,Breast tumor tissue,early-stage HER2-positive breast cancer,,Pre-treatment,68,GSE243375:68,reported,,"[""tissue: Breast tumor tissue"", ""disease state: early-stage HER2-positive breast cancer"", ""genotype: WT"", ""treatment: Pre-treatment"", ""patient id: 68"", ""her2 heterogeneity: No"", ""pcr: No""]",Data/Raw/GSE243375/GSE243375_series_matrix.txt,afa138141f53a5f5fc6f09364e0fb9d28ecbb395de22318db12f9624e0d1961c
GSM7784707,GSE243375,True,HER2+,study3,68_site2_core1,Breast tumor tissue,Breast tumor tissue,early-stage HER2-positive breast cancer,,Pre-treatment,68,GSE243375:68,reported,,"[""tissue: Breast tumor tissue"", ""disease state: early-stage HER2-positive breast cancer"", ""genotype: WT"", ""treatment: Pre-treatment"", ""patient id: 68"", ""her2 heterogeneity: No"", ""pcr: No""]",Data/Raw/GSE243375/GSE243375_series_matrix.txt,afa138141f53a5f5fc6f09364e0fb9d28ecbb395de22318db12f9624e0d1961c
GSM7784708,GSE243375,False,,,69_Residual_Disease,Breast tumor tissue,Breast tumor tissue,early-stage HER2-positive breast cancer,,T-DM1+Pertuzumab,69,GSE243375:69,reported,unknown,"[""tissue: Breast tumor tissue"", ""disease state: early-stage HER2-positive breast cancer"", ""genotype: WT"", ""treatment: T-DM1+Pertuzumab"", ""patient id: 69"", ""her2 heterogeneity: No"", ""pcr: No""]",Data/Raw/GSE243375/GSE243375_series_matrix.txt,afa138141f53a5f5fc6f09364e0fb9d28ecbb395de22318db12f9624e0d1961c
GSM7784709,GSE243375,True,HER2+,study3,69_site1_core2,Breast tumor tissue,Breast tumor tissue,early-stage HER2-positive breast cancer,,Pre-treatment,69,GSE243375:69,reported,,"[""tissue: Breast tumor tissue"", ""disease state: early-stage HER2-positive breast cancer"", ""genotype: WT"", ""treatment: Pre-treatment"", ""patient id: 69"", ""her2 heterogeneity: Yes"", ""pcr: No""]",Data/Raw/GSE243375/GSE243375_series_matrix.txt,afa138141f53a5f5fc6f09364e0fb9d28ecbb395de22318db12f9624e0d1961c
GSM7784710,GSE243375,True,HER2+,study3,69_site2_core2,Breast tumor tissue,Breast tumor tissue,early-stage HER2-positive breast cancer,,Pre-treatment,69,GSE243375:69,reported,,"[""tissue: Breast tumor tissue"", ""disease state: early-stage HER2-positive breast cancer"", ""genotype: WT"", ""treatment: Pre-treatment"", ""patient id: 69"", ""her2 heterogeneity: Yes"", ""pcr: No""]",Data/Raw/GSE243375/GSE243375_series_matrix.txt,afa138141f53a5f5fc6f09364e0fb9d28ecbb395de22318db12f9624e0d1961c
GSM7784711,GSE243375,True,HER2+,study3,70_site1_core2,Breast tumor tissue,Breast tumor tissue,early-stage HER2-positive breast cancer,,Pre-treatment,70,GSE243375:70,reported,,"[""tissue: Breast tumor tissue"", ""disease state: early-stage HER2-positive breast cancer"", ""genotype: WT"", ""treatment: Pre-treatment"", ""patient id: 70"", ""her2 heterogeneity: Yes"", ""pcr: No""]",Data/Raw/GSE243375/GSE243375_series_matrix.txt,afa138141f53a5f5fc6f09364e0fb9d28ecbb395de22318db12f9624e0d1961c
GSM7784712,GSE243375,True,HER2+,study3,72_site1_core2,Breast tumor tissue,Breast tumor tissue,early-stage HER2-positive breast cancer,,Pre-treatment,72,GSE243375:72,reported,,"[""tissue: Breast tumor tissue"", ""disease state: early-stage HER2-positive breast cancer"", ""genotype: WT"", ""treatment: Pre-treatment"", ""patient id: 72"", ""her2 heterogeneity: No"", ""pcr: Yes""]",Data/Raw/GSE243375/GSE243375_series_matrix.txt,afa138141f53a5f5fc6f09364e0fb9d28ecbb395de22318db12f9624e0d1961c
GSM7784713,GSE243375,True,HER2+,study3,72_site2_core1,Breast tumor tissue,Breast tumor tissue,early-stage HER2-positive breast cancer,,Pre-treatment,72,GSE243375:72,reported,,"[""tissue: Breast tumor tissue"", ""disease state: early-stage HER2-positive breast cancer"", ""genotype: WT"", ""treatment: Pre-treatment"", ""patient id: 72"", ""her2 heterogeneity: No"", ""pcr: Yes""]",Data/Raw/GSE243375/GSE243375_series_matrix.txt,afa138141f53a5f5fc6f09364e0fb9d28ecbb395de22318db12f9624e0d1961c
GSM7784714,GSE243375,False,,,73_site1_core1,Breast tumor tissue,Breast tumor tissue,early-stage HER2-positive breast cancer,,Pre-treatment,73,GSE243375:73,reported,unknown,"[""tissue: Breast tumor tissue"", ""disease state: early-stage HER2-positive breast cancer"", ""genotype: WT"", ""treatment: Pre-treatment"", ""patient id: 73"", ""her2 heterogeneity: No"", ""pcr: Yes""]",Data/Raw/GSE243375/GSE243375_series_matrix.txt,afa138141f53a5f5fc6f09364e0fb9d28ecbb395de22318db12f9624e0d1961c
GSM7784715,GSE243375,True,HER2+,study3,73_site2_core2,Breast tumor tissue,Breast tumor tissue,early-stage HER2-positive breast cancer,,Pre-treatment,73,GSE243375:73,reported,,"[""tissue: Breast tumor tissue"", ""disease state: early-stage HER2-positive breast cancer"", ""genotype: WT"", ""treatment: Pre-treatment"", ""patient id: 73"", ""her2 heterogeneity: No"", ""pcr: Yes""]",Data/Raw/GSE243375/GSE243375_series_matrix.txt,afa138141f53a5f5fc6f09364e0fb9d28ecbb395de22318db12f9624e0d1961c
GSM7784716,GSE243375,False,,,74_Residual_Disease,Breast tumor tissue,Breast tumor tissue,early-stage HER2-positive breast cancer,,T-DM1+Pertuzumab,74,GSE243375:74,reported,unknown,"[""tissue: Breast tumor tissue"", ""disease state: early-stage HER2-positive breast cancer"", ""genotype: WT"", ""treatment: T-DM1+Pertuzumab"", ""patient id: 74"", ""her2 heterogeneity: No"", ""pcr: No""]",Data/Raw/GSE243375/GSE243375_series_matrix.txt,afa138141f53a5f5fc6f09364e0fb9d28ecbb395de22318db12f9624e0d1961c
GSM7784717,GSE243375,True,HER2+,study3,74_site1_core2,Breast tumor tissue,Breast tumor tissue,early-stage HER2-positive breast cancer,,Pre-treatment,74,GSE243375:74,reported,,"[""tissue: Breast tumor tissue"", ""disease state: early-stage HER2-positive breast cancer"", ""genotype: WT"", ""treatment: Pre-treatment"", ""patient id: 74"", ""her2 heterogeneity: No"", ""pcr: No""]",Data/Raw/GSE243375/GSE243375_series_matrix.txt,afa138141f53a5f5fc6f09364e0fb9d28ecbb395de22318db12f9624e0d1961c
GSM7784718,GSE243375,True,HER2+,study3,74_site2_core2,Breast tumor tissue,Breast tumor tissue,early-stage HER2-positive breast cancer,,Pre-treatment,74,GSE243375:74,reported,,"[""tissue: Breast tumor tissue"", ""disease state: early-stage HER2-positive breast cancer"", ""genotype: WT"", ""treatment: Pre-treatment"", ""patient id: 74"", ""her2 heterogeneity: No"", ""pcr: No""]",Data/Raw/GSE243375/GSE243375_series_matrix.txt,afa138141f53a5f5fc6f09364e0fb9d28ecbb395de22318db12f9624e0d1961c
GSM7784719,GSE243375,True,HER2+,study3,75_site1_core1,Breast tumor tissue,Breast tumor tissue,early-stage HER2-positive breast cancer,,Pre-treatment,75,GSE243375:75,reported,,"[""tissue: Breast tumor tissue"", ""disease state: early-stage HER2-positive breast cancer"", ""genotype: WT"", ""treatment: Pre-treatment"", ""patient id: 75"", ""her2 heterogeneity: No"", ""pcr: Yes""]",Data/Raw/GSE243375/GSE243375_series_matrix.txt,afa138141f53a5f5fc6f09364e0fb9d28ecbb395de22318db12f9624e0d1961c
GSM7784720,GSE243375,False,,,80_Residual_Disease,Breast tumor tissue,Breast tumor tissue,early-stage HER2-positive breast cancer,,T-DM1+Pertuzumab,80,GSE243375:80,reported,unknown,"[""tissue: Breast tumor tissue"", ""disease state: early-stage HER2-positive breast cancer"", ""genotype: WT"", ""treatment: T-DM1+Pertuzumab"", ""patient id: 80"", ""her2 heterogeneity: No"", ""pcr: No""]",Data/Raw/GSE243375/GSE243375_series_matrix.txt,afa138141f53a5f5fc6f09364e0fb9d28ecbb395de22318db12f9624e0d1961c
GSM7784721,GSE243375,True,HER2+,study3,80_site1_core1,Breast tumor tissue,Breast tumor tissue,early-stage HER2-positive breast cancer,,Pre-treatment,80,GSE243375:80,reported,,"[""tissue: Breast tumor tissue"", ""disease state: early-stage HER2-positive breast cancer"", ""genotype: WT"", ""treatment: Pre-treatment"", ""patient id: 80"", ""her2 heterogeneity: No"", ""pcr: No""]",Data/Raw/GSE243375/GSE243375_series_matrix.txt,afa138141f53a5f5fc6f09364e0fb9d28ecbb395de22318db12f9624e0d1961c
GSM7784722,GSE243375,True,HER2+,study3,80_site2_core2,Breast tumor tissue,Breast tumor tissue,early-stage HER2-positive breast cancer,,Pre-treatment,80,GSE243375:80,reported,,"[""tissue: Breast tumor tissue"", ""disease state: early-stage HER2-positive breast cancer"", ""genotype: WT"", ""treatment: Pre-treatment"", ""patient id: 80"", ""her2 heterogeneity: No"", ""pcr: No""]",Data/Raw/GSE243375/GSE243375_series_matrix.txt,afa138141f53a5f5fc6f09364e0fb9d28ecbb395de22318db12f9624e0d1961c
GSM7784723,GSE243375,True,HER2+,study3,81_site1_core1,Breast tumor tissue,Breast tumor tissue,early-stage HER2-positive breast cancer,,Pre-treatment,81,GSE243375:81,reported,,"[""tissue: Breast tumor tissue"", ""disease state: early-stage HER2-positive breast cancer"", ""genotype: WT"", ""treatment: Pre-treatment"", ""patient id: 81"", ""her2 heterogeneity: No"", ""pcr: Yes""]",Data/Raw/GSE243375/GSE243375_series_matrix.txt,afa138141f53a5f5fc6f09364e0fb9d28ecbb395de22318db12f9624e0d1961c
GSM7784724,GSE243375,True,HER2+,study3,81_site2_core2,Breast tumor tissue,Breast tumor tissue,early-stage HER2-positive breast cancer,,Pre-treatment,81,GSE243375:81,reported,,"[""tissue: Breast tumor tissue"", ""disease state: early-stage HER2-positive breast cancer"", ""genotype: WT"", ""treatment: Pre-treatment"", ""patient id: 81"", ""her2 heterogeneity: No"", ""pcr: Yes""]",Data/Raw/GSE243375/GSE243375_series_matrix.txt,afa138141f53a5f5fc6f09364e0fb9d28ecbb395de22318db12f9624e0d1961c
GSM7784725,GSE243375,True,HER2+,study3,82_site1_core1,Breast tumor tissue,Breast tumor tissue,early-stage HER2-positive breast cancer,,Pre-treatment,82,GSE243375:82,reported,,"[""tissue: Breast tumor tissue"", ""disease state: early-stage HER2-positive breast cancer"", ""genotype: WT"", ""treatment: Pre-treatment"", ""patient id: 82"", ""her2 heterogeneity: No"", ""pcr: Yes""]",Data/Raw/GSE243375/GSE243375_series_matrix.txt,afa138141f53a5f5fc6f09364e0fb9d28ecbb395de22318db12f9624e0d1961c
GSM7784726,GSE243375,True,HER2+,study3,82_site2_core2,Breast tumor tissue,Breast tumor tissue,early-stage HER2-positive breast cancer,,Pre-treatment,82,GSE243375:82,reported,,"[""tissue: Breast tumor tissue"", ""disease state: early-stage HER2-positive breast cancer"", ""genotype: WT"", ""treatment: Pre-treatment"", ""patient id: 82"", ""her2 heterogeneity: No"", ""pcr: Yes""]",Data/Raw/GSE243375/GSE243375_series_matrix.txt,afa138141f53a5f5fc6f09364e0fb9d28ecbb395de22318db12f9624e0d1961c
GSM7784727,GSE243375,True,HER2+,study3,83_site1_core2,Breast tumor tissue,Breast tumor tissue,early-stage HER2-positive breast cancer,,Pre-treatment,83,GSE243375:83,reported,,"[""tissue: Breast tumor tissue"", ""disease state: early-stage HER2-positive breast cancer"", ""genotype: WT"", ""treatment: Pre-treatment"", ""patient id: 83"", ""her2 heterogeneity: No"", ""pcr: Yes""]",Data/Raw/GSE243375/GSE243375_series_matrix.txt,afa138141f53a5f5fc6f09364e0fb9d28ecbb395de22318db12f9624e0d1961c
GSM7784728,GSE243375,True,HER2+,study3,83_site2_core1,Breast tumor tissue,Breast tumor tissue,early-stage HER2-positive breast cancer,,Pre-treatment,83,GSE243375:83,reported,,"[""tissue: Breast tumor tissue"", ""disease state: early-stage HER2-positive breast cancer"", ""genotype: WT"", ""treatment: Pre-treatment"", ""patient id: 83"", ""her2 heterogeneity: No"", ""pcr: Yes""]",Data/Raw/GSE243375/GSE243375_series_matrix.txt,afa138141f53a5f5fc6f09364e0fb9d28ecbb395de22318db12f9624e0d1961c
GSM7784729,GSE243375,False,,,84_Residual_Disease,Breast tumor tissue,Breast tumor tissue,early-stage HER2-positive breast cancer,,T-DM1+Pertuzumab,84,GSE243375:84,reported,unknown,"[""tissue: Breast tumor tissue"", ""disease state: early-stage HER2-positive breast cancer"", ""genotype: WT"", ""treatment: T-DM1+Pertuzumab"", ""patient id: 84"", ""her2 heterogeneity: No"", ""pcr: No""]",Data/Raw/GSE243375/GSE243375_series_matrix.txt,afa138141f53a5f5fc6f09364e0fb9d28ecbb395de22318db12f9624e0d1961c
GSM7784730,GSE243375,True,HER2+,study3,84_site1_core2,Breast tumor tissue,Breast tumor tissue,early-stage HER2-positive breast cancer,,Pre-treatment,84,GSE243375:84,reported,,"[""tissue: Breast tumor tissue"", ""disease state: early-stage HER2-positive breast cancer"", ""genotype: WT"", ""treatment: Pre-treatment"", ""patient id: 84"", ""her2 heterogeneity: No"", ""pcr: No""]",Data/Raw/GSE243375/GSE243375_series_matrix.txt,afa138141f53a5f5fc6f09364e0fb9d28ecbb395de22318db12f9624e0d1961c
GSM7784731,GSE243375,True,HER2+,study3,84_site2_core1,Breast tumor tissue,Breast tumor tissue,early-stage HER2-positive breast cancer,,Pre-treatment,84,GSE243375:84,reported,,"[""tissue: Breast tumor tissue"", ""disease state: early-stage HER2-positive breast cancer"", ""genotype: WT"", ""treatment: Pre-treatment"", ""patient id: 84"", ""her2 heterogeneity: No"", ""pcr: No""]",Data/Raw/GSE243375/GSE243375_series_matrix.txt,afa138141f53a5f5fc6f09364e0fb9d28ecbb395de22318db12f9624e0d1961c
GSM7784732,GSE243375,False,,,85_site1_core2,Breast tumor tissue,Breast tumor tissue,early-stage HER2-positive breast cancer,,Pre-treatment,85,GSE243375:85,reported,unknown,"[""tissue: Breast tumor tissue"", ""disease state: early-stage HER2-positive breast cancer"", ""genotype: WT"", ""treatment: Pre-treatment"", ""patient id: 85"", ""her2 heterogeneity: No"", ""pcr: Yes""]",Data/Raw/GSE243375/GSE243375_series_matrix.txt,afa138141f53a5f5fc6f09364e0fb9d28ecbb395de22318db12f9624e0d1961c
GSM7784733,GSE243375,True,HER2+,study3,86_site1_core1,Breast tumor tissue,Breast tumor tissue,early-stage HER2-positive breast cancer,,Pre-treatment,86,GSE243375:86,reported,,"[""tissue: Breast tumor tissue"", ""disease state: early-stage HER2-positive breast cancer"", ""genotype: WT"", ""treatment: Pre-treatment"", ""patient id: 86"", ""her2 heterogeneity: No"", ""pcr: Yes""]",Data/Raw/GSE243375/GSE243375_series_matrix.txt,afa138141f53a5f5fc6f09364e0fb9d28ecbb395de22318db12f9624e0d1961c
GSM7784734,GSE243375,True,HER2+,study3,86_site2_core2,Breast tumor tissue,Breast tumor tissue,early-stage HER2-positive breast cancer,,Pre-treatment,86,GSE243375:86,reported,,"[""tissue: Breast tumor tissue"", ""disease state: early-stage HER2-positive breast cancer"", ""genotype: WT"", ""treatment: Pre-treatment"", ""patient id: 86"", ""her2 heterogeneity: No"", ""pcr: Yes""]",Data/Raw/GSE243375/GSE243375_series_matrix.txt,afa138141f53a5f5fc6f09364e0fb9d28ecbb395de22318db12f9624e0d1961c
GSM7784735,GSE243375,True,HER2+,study3,87_site1_core2,Breast tumor tissue,Breast tumor tissue,early-stage HER2-positive breast cancer,,Pre-treatment,87,GSE243375:87,reported,,"[""tissue: Breast tumor tissue"", ""disease state: early-stage HER2-positive breast cancer"", ""genotype: WT"", ""treatment: Pre-treatment"", ""patient id: 87"", ""her2 heterogeneity: No"", ""pcr: No""]",Data/Raw/GSE243375/GSE243375_series_matrix.txt,afa138141f53a5f5fc6f09364e0fb9d28ecbb395de22318db12f9624e0d1961c
GSM7784736,GSE243375,True,HER2+,study3,87_site2_core1,Breast tumor tissue,Breast tumor tissue,early-stage HER2-positive breast cancer,,Pre-treatment,87,GSE243375:87,reported,,"[""tissue: Breast tumor tissue"", ""disease state: early-stage HER2-positive breast cancer"", ""genotype: WT"", ""treatment: Pre-treatment"", ""patient id: 87"", ""her2 heterogeneity: No"", ""pcr: No""]",Data/Raw/GSE243375/GSE243375_series_matrix.txt,afa138141f53a5f5fc6f09364e0fb9d28ecbb395de22318db12f9624e0d1961c
GSM7784737,GSE243375,True,HER2+,study3,89_site1_core2,Breast tumor tissue,Breast tumor tissue,early-stage HER2-positive breast cancer,,Pre-treatment,89,GSE243375:89,reported,,"[""tissue: Breast tumor tissue"", ""disease state: early-stage HER2-positive breast cancer"", ""genotype: WT"", ""treatment: Pre-treatment"", ""patient id: 89"", ""her2 heterogeneity: No"", ""pcr: Yes""]",Data/Raw/GSE243375/GSE243375_series_matrix.txt,afa138141f53a5f5fc6f09364e0fb9d28ecbb395de22318db12f9624e0d1961c
GSM7784738,GSE243375,True,HER2+,study3,89_site2_core2,Breast tumor tissue,Breast tumor tissue,early-stage HER2-positive breast cancer,,Pre-treatment,89,GSE243375:89,reported,,"[""tissue: Breast tumor tissue"", ""disease state: early-stage HER2-positive breast cancer"", ""genotype: WT"", ""treatment: Pre-treatment"", ""patient id: 89"", ""her2 heterogeneity: No"", ""pcr: Yes""]",Data/Raw/GSE243375/GSE243375_series_matrix.txt,afa138141f53a5f5fc6f09364e0fb9d28ecbb395de22318db12f9624e0d1961c
GSM7784739,GSE243375,False,,,90_Residual_Disease,Breast tumor tissue,Breast tumor tissue,early-stage HER2-positive breast cancer,,T-DM1+Pertuzumab,90,GSE243375:90,reported,unknown,"[""tissue: Breast tumor tissue"", ""disease state: early-stage HER2-positive breast cancer"", ""genotype: WT"", ""treatment: T-DM1+Pertuzumab"", ""patient id: 90"", ""her2 heterogeneity: No"", ""pcr: No""]",Data/Raw/GSE243375/GSE243375_series_matrix.txt,afa138141f53a5f5fc6f09364e0fb9d28ecbb395de22318db12f9624e0d1961c
GSM7784740,GSE243375,False,,,90_site1_core1,Breast tumor tissue,Breast tumor tissue,early-stage HER2-positive breast cancer,,Pre-treatment,90,GSE243375:90,reported,unknown,"[""tissue: Breast tumor tissue"", ""disease state: early-stage HER2-positive breast cancer"", ""genotype: WT"", ""treatment: Pre-treatment"", ""patient id: 90"", ""her2 heterogeneity: No"", ""pcr: No""]",Data/Raw/GSE243375/GSE243375_series_matrix.txt,afa138141f53a5f5fc6f09364e0fb9d28ecbb395de22318db12f9624e0d1961c
GSM7784741,GSE243375,False,,,91_Residual_Disease,Breast tumor tissue,Breast tumor tissue,early-stage HER2-positive breast cancer,,T-DM1+Pertuzumab,91,GSE243375:91,reported,unknown,"[""tissue: Breast tumor tissue"", ""disease state: early-stage HER2-positive breast cancer"", ""genotype: WT"", ""treatment: T-DM1+Pertuzumab"", ""patient id: 91"", ""her2 heterogeneity: No"", ""pcr: No""]",Data/Raw/GSE243375/GSE243375_series_matrix.txt,afa138141f53a5f5fc6f09364e0fb9d28ecbb395de22318db12f9624e0d1961c
GSM7784742,GSE243375,True,HER2+,study3,91_site1_core1,Breast tumor tissue,Breast tumor tissue,early-stage HER2-positive breast cancer,,Pre-treatment,91,GSE243375:91,reported,,"[""tissue: Breast tumor tissue"", ""disease state: early-stage HER2-positive breast cancer"", ""genotype: WT"", ""treatment: Pre-treatment"", ""patient id: 91"", ""her2 heterogeneity: No"", ""pcr: No""]",Data/Raw/GSE243375/GSE243375_series_matrix.txt,afa138141f53a5f5fc6f09364e0fb9d28ecbb395de22318db12f9624e0d1961c
GSM7784743,GSE243375,True,HER2+,study3,91_site2_core2,Breast tumor tissue,Breast tumor tissue,early-stage HER2-positive breast cancer,,Pre-treatment,91,GSE243375:91,reported,,"[""tissue: Breast tumor tissue"", ""disease state: early-stage HER2-positive breast cancer"", ""genotype: WT"", ""treatment: Pre-treatment"", ""patient id: 91"", ""her2 heterogeneity: No"", ""pcr: No""]",Data/Raw/GSE243375/GSE243375_series_matrix.txt,afa138141f53a5f5fc6f09364e0fb9d28ecbb395de22318db12f9624e0d1961c
GSM7784744,GSE243375,True,HER2+,study3,92_site1_core1,Breast tumor tissue,Breast tumor tissue,early-stage HER2-positive breast cancer,,Pre-treatment,92,GSE243375:92,reported,,"[""tissue: Breast tumor tissue"", ""disease state: early-stage HER2-positive breast cancer"", ""genotype: WT"", ""treatment: Pre-treatment"", ""patient id: 92"", ""her2 heterogeneity: NA"", ""pcr: NA""]",Data/Raw/GSE243375/GSE243375_series_matrix.txt,afa138141f53a5f5fc6f09364e0fb9d28ecbb395de22318db12f9624e0d1961c
GSM7784745,GSE243375,True,HER2+,study3,92_site2_core1,Breast tumor tissue,Breast tumor tissue,early-stage HER2-positive breast cancer,,Pre-treatment,92,GSE243375:92,reported,,"[""tissue: Breast tumor tissue"", ""disease state: early-stage HER2-positive breast cancer"", ""genotype: WT"", ""treatment: Pre-treatment"", ""patient id: 92"", ""her2 heterogeneity: NA"", ""pcr: NA""]",Data/Raw/GSE243375/GSE243375_series_matrix.txt,afa138141f53a5f5fc6f09364e0fb9d28ecbb395de22318db12f9624e0d1961c
GSM7784746,GSE243375,False,,,93_Residual_Disease,Breast tumor tissue,Breast tumor tissue,early-stage HER2-positive breast cancer,,T-DM1+Pertuzumab,93,GSE243375:93,reported,unknown,"[""tissue: Breast tumor tissue"", ""disease state: early-stage HER2-positive breast cancer"", ""genotype: WT"", ""treatment: T-DM1+Pertuzumab"", ""patient id: 93"", ""her2 heterogeneity: No"", ""pcr: No""]",Data/Raw/GSE243375/GSE243375_series_matrix.txt,afa138141f53a5f5fc6f09364e0fb9d28ecbb395de22318db12f9624e0d1961c
GSM7784747,GSE243375,True,HER2+,study3,93_site1_core1,Breast tumor tissue,Breast tumor tissue,early-stage HER2-positive breast cancer,,Pre-treatment,93,GSE243375:93,reported,,"[""tissue: Breast tumor tissue"", ""disease state: early-stage HER2-positive breast cancer"", ""genotype: WT"", ""treatment: Pre-treatment"", ""patient id: 93"", ""her2 heterogeneity: No"", ""pcr: No""]",Data/Raw/GSE243375/GSE243375_series_matrix.txt,afa138141f53a5f5fc6f09364e0fb9d28ecbb395de22318db12f9624e0d1961c
GSM7784748,GSE243375,True,HER2+,study3,93_site2_core1,Breast tumor tissue,Breast tumor tissue,early-stage HER2-positive breast cancer,,Pre-treatment,93,GSE243375:93,reported,,"[""tissue: Breast tumor tissue"", ""disease state: early-stage HER2-positive breast cancer"", ""genotype: WT"", ""treatment: Pre-treatment"", ""patient id: 93"", ""her2 heterogeneity: No"", ""pcr: No""]",Data/Raw/GSE243375/GSE243375_series_matrix.txt,afa138141f53a5f5fc6f09364e0fb9d28ecbb395de22318db12f9624e0d1961c
GSM7784749,GSE243375,True,HER2+,study3,94_site1_core2,Breast tumor tissue,Breast tumor tissue,early-stage HER2-positive breast cancer,,Pre-treatment,94,GSE243375:94,reported,,"[""tissue: Breast tumor tissue"", ""disease state: early-stage HER2-positive breast cancer"", ""genotype: WT"", ""treatment: Pre-treatment"", ""patient id: 94"", ""her2 heterogeneity: No"", ""pcr: No""]",Data/Raw/GSE243375/GSE243375_series_matrix.txt,afa138141f53a5f5fc6f09364e0fb9d28ecbb395de22318db12f9624e0d1961c
GSM7784750,GSE243375,True,HER2+,study3,95_site2_core2,Breast tumor tissue,Breast tumor tissue,early-stage HER2-positive breast cancer,,Pre-treatment,95,GSE243375:95,reported,,"[""tissue: Breast tumor tissue"", ""disease state: early-stage HER2-positive breast cancer"", ""genotype: WT"", ""treatment: Pre-treatment"", ""patient id: 95"", ""her2 heterogeneity: No"", ""pcr: Yes""]",Data/Raw/GSE243375/GSE243375_series_matrix.txt,afa138141f53a5f5fc6f09364e0fb9d28ecbb395de22318db12f9624e0d1961c
GSM7784751,GSE243375,False,,,96_site1_core1,Breast tumor tissue,Breast tumor tissue,early-stage HER2-positive breast cancer,,Pre-treatment,96,GSE243375:96,reported,unknown,"[""tissue: Breast tumor tissue"", ""disease state: early-stage HER2-positive breast cancer"", ""genotype: WT"", ""treatment: Pre-treatment"", ""patient id: 96"", ""her2 heterogeneity: No"", ""pcr: Yes""]",Data/Raw/GSE243375/GSE243375_series_matrix.txt,afa138141f53a5f5fc6f09364e0fb9d28ecbb395de22318db12f9624e0d1961c
GSM7784752,GSE243375,True,HER2+,study3,96_site2_core1,Breast tumor tissue,Breast tumor tissue,early-stage HER2-positive breast cancer,,Pre-treatment,96,GSE243375:96,reported,,"[""tissue: Breast tumor tissue"", ""disease state: early-stage HER2-positive breast cancer"", ""genotype: WT"", ""treatment: Pre-treatment"", ""patient id: 96"", ""her2 heterogeneity: No"", ""pcr: Yes""]",Data/Raw/GSE243375/GSE243375_series_matrix.txt,afa138141f53a5f5fc6f09364e0fb9d28ecbb395de22318db12f9624e0d1961c
GSM7784753,GSE243375,True,HER2+,study3,97_site1_core2,Breast tumor tissue,Breast tumor tissue,early-stage HER2-positive breast cancer,,Pre-treatment,97,GSE243375:97,reported,,"[""tissue: Breast tumor tissue"", ""disease state: early-stage HER2-positive breast cancer"", ""genotype: WT"", ""treatment: Pre-treatment"", ""patient id: 97"", ""her2 heterogeneity: Yes"", ""pcr: No""]",Data/Raw/GSE243375/GSE243375_series_matrix.txt,afa138141f53a5f5fc6f09364e0fb9d28ecbb395de22318db12f9624e0d1961c
GSM7784754,GSE243375,True,HER2+,study3,97_site2_core2,Breast tumor tissue,Breast tumor tissue,early-stage HER2-positive breast cancer,,Pre-treatment,97,GSE243375:97,reported,,"[""tissue: Breast tumor tissue"", ""disease state: early-stage HER2-positive breast cancer"", ""genotype: WT"", ""treatment: Pre-treatment"", ""patient id: 97"", ""her2 heterogeneity: Yes"", ""pcr: No""]",Data/Raw/GSE243375/GSE243375_series_matrix.txt,afa138141f53a5f5fc6f09364e0fb9d28ecbb395de22318db12f9624e0d1961c
GSM7784755,GSE243375,True,HER2+,study3,98_site1_core1,Breast tumor tissue,Breast tumor tissue,early-stage HER2-positive breast cancer,,Pre-treatment,98,GSE243375:98,reported,,"[""tissue: Breast tumor tissue"", ""disease state: early-stage HER2-positive breast cancer"", ""genotype: WT"", ""treatment: Pre-treatment"", ""patient id: 98"", ""her2 heterogeneity: No"", ""pcr: Yes""]",Data/Raw/GSE243375/GSE243375_series_matrix.txt,afa138141f53a5f5fc6f09364e0fb9d28ecbb395de22318db12f9624e0d1961c
GSM7784756,GSE243375,True,HER2+,study3,98_site2_core1,Breast tumor tissue,Breast tumor tissue,early-stage HER2-positive breast cancer,,Pre-treatment,98,GSE243375:98,reported,,"[""tissue: Breast tumor tissue"", ""disease state: early-stage HER2-positive breast cancer"", ""genotype: WT"", ""treatment: Pre-treatment"", ""patient id: 98"", ""her2 heterogeneity: No"", ""pcr: Yes""]",Data/Raw/GSE243375/GSE243375_series_matrix.txt,afa138141f53a5f5fc6f09364e0fb9d28ecbb395de22318db12f9624e0d1961c
GSM7784757,GSE243375,True,HER2+,study3,99_site1_core1,Breast tumor tissue,Breast tumor tissue,early-stage HER2-positive breast cancer,,Pre-treatment,99,GSE243375:99,reported,,"[""tissue: Breast tumor tissue"", ""disease state: early-stage HER2-positive breast cancer"", ""genotype: WT"", ""treatment: Pre-treatment"", ""patient id: 99"", ""her2 heterogeneity: No"", ""pcr: No""]",Data/Raw/GSE243375/GSE243375_series_matrix.txt,afa138141f53a5f5fc6f09364e0fb9d28ecbb395de22318db12f9624e0d1961c
GSM7784758,GSE243375,True,HER2+,study3,99_site2_core1,Breast tumor tissue,Breast tumor tissue,early-stage HER2-positive breast cancer,,Pre-treatment,99,GSE243375:99,reported,,"[""tissue: Breast tumor tissue"", ""disease state: early-stage HER2-positive breast cancer"", ""genotype: WT"", ""treatment: Pre-treatment"", ""patient id: 99"", ""her2 heterogeneity: No"", ""pcr: No""]",Data/Raw/GSE243375/GSE243375_series_matrix.txt,afa138141f53a5f5fc6f09364e0fb9d28ecbb395de22318db12f9624e0d1961c
GSM1261016,GSE52194,True,TNBC,study1,TNBC1,Primary Tumor,,,TNBC Breast Tumor,,,,not_reported,,"[""tumor type: TNBC Breast Tumor""]",Data/Raw/GSE52194/GSE52194_series_matrix.txt,b941d1283cd8ac5d97711a26046ad880729d455dec3330447c7b900b15128300
GSM1261017,GSE52194,True,TNBC,study1,TNBC2,Primary Tumor,,,TNBC Breast Tumor,,,,not_reported,,"[""tumor type: TNBC Breast Tumor""]",Data/Raw/GSE52194/GSE52194_series_matrix.txt,b941d1283cd8ac5d97711a26046ad880729d455dec3330447c7b900b15128300
GSM1261018,GSE52194,True,TNBC,study1,TNBC3,Primary Tumor,,,TNBC Breast Tumor,,,,not_reported,,"[""tumor type: TNBC Breast Tumor""]",Data/Raw/GSE52194/GSE52194_series_matrix.txt,b941d1283cd8ac5d97711a26046ad880729d455dec3330447c7b900b15128300
GSM1261019,GSE52194,True,TNBC,study1,TNBC4,Primary Tumor,,,TNBC Breast Tumor,,,,not_reported,,"[""tumor type: TNBC Breast Tumor""]",Data/Raw/GSE52194/GSE52194_series_matrix.txt,b941d1283cd8ac5d97711a26046ad880729d455dec3330447c7b900b15128300
GSM1261020,GSE52194,True,TNBC,study1,TNBC5,Primary Tumor,,,TNBC Breast Tumor,,,,not_reported,,"[""tumor type: TNBC Breast Tumor""]",Data/Raw/GSE52194/GSE52194_series_matrix.txt,b941d1283cd8ac5d97711a26046ad880729d455dec3330447c7b900b15128300
GSM1261021,GSE52194,True,TNBC,study1,TNBC6,Primary Tumor,,,TNBC Breast Tumor,,,,not_reported,,"[""tumor type: TNBC Breast Tumor""]",Data/Raw/GSE52194/GSE52194_series_matrix.txt,b941d1283cd8ac5d97711a26046ad880729d455dec3330447c7b900b15128300
GSM1261022,GSE52194,False,,,Non-TNBC1,Primary Tumor,,,Non-TNBC Breast Tumor,,,,not_reported,unknown,"[""tumor type: Non-TNBC Breast Tumor""]",Data/Raw/GSE52194/GSE52194_series_matrix.txt,b941d1283cd8ac5d97711a26046ad880729d455dec3330447c7b900b15128300
GSM1261023,GSE52194,False,,,Non-TNBC2,Primary Tumor,,,Non-TNBC Breast Tumor,,,,not_reported,unknown,"[""tumor type: Non-TNBC Breast Tumor""]",Data/Raw/GSE52194/GSE52194_series_matrix.txt,b941d1283cd8ac5d97711a26046ad880729d455dec3330447c7b900b15128300
GSM1261024,GSE52194,False,,,Non-TNBC3,Primary Tumor,,,Non-TNBC Breast Tumor,,,,not_reported,unknown,"[""tumor type: Non-TNBC Breast Tumor""]",Data/Raw/GSE52194/GSE52194_series_matrix.txt,b941d1283cd8ac5d97711a26046ad880729d455dec3330447c7b900b15128300
GSM1261025,GSE52194,False,,,Non-TNBC4,Primary Tumor,,,Non-TNBC Breast Tumor,,,,not_reported,unknown,"[""tumor type: Non-TNBC Breast Tumor""]",Data/Raw/GSE52194/GSE52194_series_matrix.txt,b941d1283cd8ac5d97711a26046ad880729d455dec3330447c7b900b15128300
GSM1261026,GSE52194,False,,,Non-TNBC5,Primary Tumor,,,Non-TNBC Breast Tumor,,,,not_reported,unknown,"[""tumor type: Non-TNBC Breast Tumor""]",Data/Raw/GSE52194/GSE52194_series_matrix.txt,b941d1283cd8ac5d97711a26046ad880729d455dec3330447c7b900b15128300
GSM1261027,GSE52194,False,,,Non-TNBC6,Primary Tumor,,,Non-TNBC Breast Tumor,,,,not_reported,unknown,"[""tumor type: Non-TNBC Breast Tumor""]",Data/Raw/GSE52194/GSE52194_series_matrix.txt,b941d1283cd8ac5d97711a26046ad880729d455dec3330447c7b900b15128300
GSM1261028,GSE52194,True,HER2+,study1,HER2-1,Primary Tumor,,,HER2 Positive Breast Tumor,,,,not_reported,,"[""tumor type: HER2 Positive Breast Tumor""]",Data/Raw/GSE52194/GSE52194_series_matrix.txt,b941d1283cd8ac5d97711a26046ad880729d455dec3330447c7b900b15128300
GSM1261029,GSE52194,True,HER2+,study1,HER2-2,Primary Tumor,,,HER2 Positive Breast Tumor,,,,not_reported,,"[""tumor type: HER2 Positive Breast Tumor""]",Data/Raw/GSE52194/GSE52194_series_matrix.txt,b941d1283cd8ac5d97711a26046ad880729d455dec3330447c7b900b15128300
GSM1261030,GSE52194,True,HER2+,study1,HER2-3,Primary Tumor,,,HER2 Positive Breast Tumor,,,,not_reported,,"[""tumor type: HER2 Positive Breast Tumor""]",Data/Raw/GSE52194/GSE52194_series_matrix.txt,b941d1283cd8ac5d97711a26046ad880729d455dec3330447c7b900b15128300
GSM1261031,GSE52194,True,HER2+,study1,HER2-4,Primary Tumor,,,HER2 Positive Breast Tumor,,,,not_reported,,"[""tumor type: HER2 Positive Breast Tumor""]",Data/Raw/GSE52194/GSE52194_series_matrix.txt,b941d1283cd8ac5d97711a26046ad880729d455dec3330447c7b900b15128300
GSM1261032,GSE52194,True,HER2+,study1,HER2-5,Primary Tumor,,,HER2 Positive Breast Tumor,,,,not_reported,,"[""tumor type: HER2 Positive Breast Tumor""]",Data/Raw/GSE52194/GSE52194_series_matrix.txt,b941d1283cd8ac5d97711a26046ad880729d455dec3330447c7b900b15128300
GSM1261033,GSE52194,False,,,NBS1,normal human breast organoids,,,Normal Breast Organoids,,,,not_reported,unknown,"[""tumor type: Normal Breast Organoids""]",Data/Raw/GSE52194/GSE52194_series_matrix.txt,b941d1283cd8ac5d97711a26046ad880729d455dec3330447c7b900b15128300
GSM1261034,GSE52194,False,,,NBS2,normal human breast organoids,,,Normal Breast Organoids,,,,not_reported,unknown,"[""tumor type: Normal Breast Organoids""]",Data/Raw/GSE52194/GSE52194_series_matrix.txt,b941d1283cd8ac5d97711a26046ad880729d455dec3330447c7b900b15128300
GSM1261035,GSE52194,False,,,NBS3,normal human breast organoids,,,Normal Breast Organoids,,,,not_reported,unknown,"[""tumor type: Normal Breast Organoids""]",Data/Raw/GSE52194/GSE52194_series_matrix.txt,b941d1283cd8ac5d97711a26046ad880729d455dec3330447c7b900b15128300
GSM1401648,GSE58135,False,,,ZR-75-1,Breast Cancer Cell Line,Breast Cancer Cell Line,,,,,,not_reported,unknown,"[""tissue: Breast Cancer Cell Line""]",Data/Raw/GSE58135/GSE58135_series_matrix.txt,4159ae4e5eedc5c2bb13577adb85341d1c9d4d201e8a7770d5c6e99a8bffe777
GSM1401649,GSE58135,False,,,BT-474,Breast Cancer Cell Line,Breast Cancer Cell Line,,,,,,not_reported,unknown,"[""tissue: Breast Cancer Cell Line""]",Data/Raw/GSE58135/GSE58135_series_matrix.txt,4159ae4e5eedc5c2bb13577adb85341d1c9d4d201e8a7770d5c6e99a8bffe777
GSM1401650,GSE58135,False,,,MDA-MB-468,Breast Cancer Cell Line,Breast Cancer Cell Line,,,,,,not_reported,unknown,"[""tissue: Breast Cancer Cell Line""]",Data/Raw/GSE58135/GSE58135_series_matrix.txt,4159ae4e5eedc5c2bb13577adb85341d1c9d4d201e8a7770d5c6e99a8bffe777
GSM1401651,GSE58135,False,,,HCC-38,Breast Cancer Cell Line,Breast Cancer Cell Line,,,,,,not_reported,unknown,"[""tissue: Breast Cancer Cell Line""]",Data/Raw/GSE58135/GSE58135_series_matrix.txt,4159ae4e5eedc5c2bb13577adb85341d1c9d4d201e8a7770d5c6e99a8bffe777
GSM1401652,GSE58135,False,,,SUM-159,Breast Cancer Cell Line,Breast Cancer Cell Line,,,,,,not_reported,unknown,"[""tissue: Breast Cancer Cell Line""]",Data/Raw/GSE58135/GSE58135_series_matrix.txt,4159ae4e5eedc5c2bb13577adb85341d1c9d4d201e8a7770d5c6e99a8bffe777
GSM1401653,GSE58135,False,,,MCF-7,Breast Cancer Cell Line,Breast Cancer Cell Line,,,,,,not_reported,unknown,"[""tissue: Breast Cancer Cell Line""]",Data/Raw/GSE58135/GSE58135_series_matrix.txt,4159ae4e5eedc5c2bb13577adb85341d1c9d4d201e8a7770d5c6e99a8bffe777
GSM1401654,GSE58135,False,,,T-47-D,Breast Cancer Cell Line,Breast Cancer Cell Line,,,,,,not_reported,unknown,"[""tissue: Breast Cancer Cell Line""]",Data/Raw/GSE58135/GSE58135_series_matrix.txt,4159ae4e5eedc5c2bb13577adb85341d1c9d4d201e8a7770d5c6e99a8bffe777
GSM1401655,GSE58135,False,,,HCC-1599,Breast Cancer Cell Line,Breast Cancer Cell Line,,,,,,not_reported,unknown,"[""tissue: Breast Cancer Cell Line""]",Data/Raw/GSE58135/GSE58135_series_matrix.txt,4159ae4e5eedc5c2bb13577adb85341d1c9d4d201e8a7770d5c6e99a8bffe777
GSM1401656,GSE58135,False,,,MDA-MB-436,Breast Cancer Cell Line,Breast Cancer Cell Line,,,,,,not_reported,unknown,"[""tissue: Breast Cancer Cell Line""]",Data/Raw/GSE58135/GSE58135_series_matrix.txt,4159ae4e5eedc5c2bb13577adb85341d1c9d4d201e8a7770d5c6e99a8bffe777
GSM1401657,GSE58135,False,,,BT-549,Breast Cancer Cell Line,Breast Cancer Cell Line,,,,,,not_reported,unknown,"[""tissue: Breast Cancer Cell Line""]",Data/Raw/GSE58135/GSE58135_series_matrix.txt,4159ae4e5eedc5c2bb13577adb85341d1c9d4d201e8a7770d5c6e99a8bffe777
GSM1401658,GSE58135,False,,,MDA-MB-231,Breast Cancer Cell Line,Breast Cancer Cell Line,,,,,,not_reported,unknown,"[""tissue: Breast Cancer Cell Line""]",Data/Raw/GSE58135/GSE58135_series_matrix.txt,4159ae4e5eedc5c2bb13577adb85341d1c9d4d201e8a7770d5c6e99a8bffe777
GSM1401659,GSE58135,False,,,SK-BR-3,Breast Cancer Cell Line,Breast Cancer Cell Line,,,,,,not_reported,unknown,"[""tissue: Breast Cancer Cell Line""]",Data/Raw/GSE58135/GSE58135_series_matrix.txt,4159ae4e5eedc5c2bb13577adb85341d1c9d4d201e8a7770d5c6e99a8bffe777
GSM1401660,GSE58135,False,,,HCC-70,Breast Cancer Cell Line,Breast Cancer Cell Line,,,,,,not_reported,unknown,"[""tissue: Breast Cancer Cell Line""]",Data/Raw/GSE58135/GSE58135_series_matrix.txt,4159ae4e5eedc5c2bb13577adb85341d1c9d4d201e8a7770d5c6e99a8bffe777
GSM1401661,GSE58135,False,,,HCC-1143,Breast Cancer Cell Line,Breast Cancer Cell Line,,,,,,not_reported,unknown,"[""tissue: Breast Cancer Cell Line""]",Data/Raw/GSE58135/GSE58135_series_matrix.txt,4159ae4e5eedc5c2bb13577adb85341d1c9d4d201e8a7770d5c6e99a8bffe777
GSM1401662,GSE58135,False,,,MDA-MB-134,Breast Cancer Cell Line,Breast Cancer Cell Line,,,,,,not_reported,unknown,"[""tissue: Breast Cancer Cell Line""]",Data/Raw/GSE58135/GSE58135_series_matrix.txt,4159ae4e5eedc5c2bb13577adb85341d1c9d4d201e8a7770d5c6e99a8bffe777
GSM1401663,GSE58135,False,,,DY36T2,Breast Cancer Cell Line,Breast Cancer Cell Line,,,,,,not_reported,unknown,"[""tissue: Breast Cancer Cell Line""]",Data/Raw/GSE58135/GSE58135_series_matrix.txt,4159ae4e5eedc5c2bb13577adb85341d1c9d4d201e8a7770d5c6e99a8bffe777
GSM1401664,GSE58135,False,,,MDA-MB-361,Breast Cancer Cell Line,Breast Cancer Cell Line,,,,,,not_reported,unknown,"[""tissue: Breast Cancer Cell Line""]",Data/Raw/GSE58135/GSE58135_series_matrix.txt,4159ae4e5eedc5c2bb13577adb85341d1c9d4d201e8a7770d5c6e99a8bffe777
GSM1401665,GSE58135,False,,,HCC-1954,Breast Cancer Cell Line,Breast Cancer Cell Line,,,,,,not_reported,unknown,"[""tissue: Breast Cancer Cell Line""]",Data/Raw/GSE58135/GSE58135_series_matrix.txt,4159ae4e5eedc5c2bb13577adb85341d1c9d4d201e8a7770d5c6e99a8bffe777
GSM1401666,GSE58135,False,,,ZR-75-30,Breast Cancer Cell Line,Breast Cancer Cell Line,,,,,,not_reported,unknown,"[""tissue: Breast Cancer Cell Line""]",Data/Raw/GSE58135/GSE58135_series_matrix.txt,4159ae4e5eedc5c2bb13577adb85341d1c9d4d201e8a7770d5c6e99a8bffe777
GSM1401667,GSE58135,False,,,MDA-MB-453,Breast Cancer Cell Line,Breast Cancer Cell Line,,,,,,not_reported,unknown,"[""tissue: Breast Cancer Cell Line""]",Data/Raw/GSE58135/GSE58135_series_matrix.txt,4159ae4e5eedc5c2bb13577adb85341d1c9d4d201e8a7770d5c6e99a8bffe777
GSM1401668,GSE58135,False,,,HCC-1937,Breast Cancer Cell Line,Breast Cancer Cell Line,,,,,,not_reported,unknown,"[""tissue: Breast Cancer Cell Line""]",Data/Raw/GSE58135/GSE58135_series_matrix.txt,4159ae4e5eedc5c2bb13577adb85341d1c9d4d201e8a7770d5c6e99a8bffe777
GSM1401669,GSE58135,False,,,SUM-149,Breast Cancer Cell Line,Breast Cancer Cell Line,,,,,,not_reported,unknown,"[""tissue: Breast Cancer Cell Line""]",Data/Raw/GSE58135/GSE58135_series_matrix.txt,4159ae4e5eedc5c2bb13577adb85341d1c9d4d201e8a7770d5c6e99a8bffe777
GSM1401670,GSE58135,False,,,2-LMP,Breast Cancer Cell Line,Breast Cancer Cell Line,,,,,,not_reported,unknown,"[""tissue: Breast Cancer Cell Line""]",Data/Raw/GSE58135/GSE58135_series_matrix.txt,4159ae4e5eedc5c2bb13577adb85341d1c9d4d201e8a7770d5c6e99a8bffe777
GSM1401671,GSE58135,False,,,MDA-MB-157,Breast Cancer Cell Line,Breast Cancer Cell Line,,,,,,not_reported,unknown,"[""tissue: Breast Cancer Cell Line""]",Data/Raw/GSE58135/GSE58135_series_matrix.txt,4159ae4e5eedc5c2bb13577adb85341d1c9d4d201e8a7770d5c6e99a8bffe777
GSM1401672,GSE58135,False,,,HCC-1187,Breast Cancer Cell Line,Breast Cancer Cell Line,,,,,,not_reported,unknown,"[""tissue: Breast Cancer Cell Line""]",Data/Raw/GSE58135/GSE58135_series_matrix.txt,4159ae4e5eedc5c2bb13577adb85341d1c9d4d201e8a7770d5c6e99a8bffe777
GSM1401673,GSE58135,False,,,BT-20,Breast Cancer Cell Line,Breast Cancer Cell Line,,,,,,not_reported,unknown,"[""tissue: Breast Cancer Cell Line""]",Data/Raw/GSE58135/GSE58135_series_matrix.txt,4159ae4e5eedc5c2bb13577adb85341d1c9d4d201e8a7770d5c6e99a8bffe777
GSM1401674,GSE58135,False,,,HCC-1569,Breast Cancer Cell Line,Breast Cancer Cell Line,,,,,,not_reported,unknown,"[""tissue: Breast Cancer Cell Line""]",Data/Raw/GSE58135/GSE58135_series_matrix.txt,4159ae4e5eedc5c2bb13577adb85341d1c9d4d201e8a7770d5c6e99a8bffe777
GSM1401675,GSE58135,False,,,SUM-102,Breast Cancer Cell Line,Breast Cancer Cell Line,,,,,,not_reported,unknown,"[""tissue: Breast Cancer Cell Line""]",Data/Raw/GSE58135/GSE58135_series_matrix.txt,4159ae4e5eedc5c2bb13577adb85341d1c9d4d201e8a7770d5c6e99a8bffe777
GSM1401676,GSE58135,True,ER+,study2,00-11-A037b,ER+ Breast Cancer Primary Tumor,ER+ Breast Cancer Primary Tumor,,,,,,not_reported,,"[""tissue: ER+ Breast Cancer Primary Tumor""]",Data/Raw/GSE58135/GSE58135_series_matrix.txt,4159ae4e5eedc5c2bb13577adb85341d1c9d4d201e8a7770d5c6e99a8bffe777
GSM1401677,GSE58135,True,ER+,study2,01-01-A061a,ER+ Breast Cancer Primary Tumor,ER+ Breast Cancer Primary Tumor,,,,,,not_reported,,"[""tissue: ER+ Breast Cancer Primary Tumor""]",Data/Raw/GSE58135/GSE58135_series_matrix.txt,4159ae4e5eedc5c2bb13577adb85341d1c9d4d201e8a7770d5c6e99a8bffe777
GSM1401678,GSE58135,True,ER+,study2,01-02-A056a,ER+ Breast Cancer Primary Tumor,ER+ Breast Cancer Primary Tumor,,,,,,not_reported,,"[""tissue: ER+ Breast Cancer Primary Tumor""]",Data/Raw/GSE58135/GSE58135_series_matrix.txt,4159ae4e5eedc5c2bb13577adb85341d1c9d4d201e8a7770d5c6e99a8bffe777
GSM1401679,GSE58135,True,ER+,study2,01-02-A325a,ER+ Breast Cancer Primary Tumor,ER+ Breast Cancer Primary Tumor,,,,,,not_reported,,"[""tissue: ER+ Breast Cancer Primary Tumor""]",Data/Raw/GSE58135/GSE58135_series_matrix.txt,4159ae4e5eedc5c2bb13577adb85341d1c9d4d201e8a7770d5c6e99a8bffe777
GSM1401680,GSE58135,True,ER+,study2,01-03-A207a,ER+ Breast Cancer Primary Tumor,ER+ Breast Cancer Primary Tumor,,,,,,not_reported,,"[""tissue: ER+ Breast Cancer Primary Tumor""]",Data/Raw/GSE58135/GSE58135_series_matrix.txt,4159ae4e5eedc5c2bb13577adb85341d1c9d4d201e8a7770d5c6e99a8bffe777
GSM1401681,GSE58135,True,ER+,study2,01-03-A373a,ER+ Breast Cancer Primary Tumor,ER+ Breast Cancer Primary Tumor,,,,,,not_reported,,"[""tissue: ER+ Breast Cancer Primary Tumor""]",Data/Raw/GSE58135/GSE58135_series_matrix.txt,4159ae4e5eedc5c2bb13577adb85341d1c9d4d201e8a7770d5c6e99a8bffe777
GSM1401682,GSE58135,True,ER+,study2,01-05-A181a,ER+ Breast Cancer Primary Tumor,ER+ Breast Cancer Primary Tumor,,,,,,not_reported,,"[""tissue: ER+ Breast Cancer Primary Tumor""]",Data/Raw/GSE58135/GSE58135_series_matrix.txt,4159ae4e5eedc5c2bb13577adb85341d1c9d4d201e8a7770d5c6e99a8bffe777
GSM1401683,GSE58135,True,ER+,study2,01-05-A359a,ER+ Breast Cancer Primary Tumor,ER+ Breast Cancer Primary Tumor,,,,,,not_reported,,"[""tissue: ER+ Breast Cancer Primary Tumor""]",Data/Raw/GSE58135/GSE58135_series_matrix.txt,4159ae4e5eedc5c2bb13577adb85341d1c9d4d201e8a7770d5c6e99a8bffe777
GSM1401684,GSE58135,True,ER+,study2,01-07-A281b,ER+ Breast Cancer Primary Tumor,ER+ Breast Cancer Primary Tumor,,,,,,not_reported,,"[""tissue: ER+ Breast Cancer Primary Tumor""]",Data/Raw/GSE58135/GSE58135_series_matrix.txt,4159ae4e5eedc5c2bb13577adb85341d1c9d4d201e8a7770d5c6e99a8bffe777
GSM1401685,GSE58135,True,ER+,study2,02-01-A013a,ER+ Breast Cancer Primary Tumor,ER+ Breast Cancer Primary Tumor,,,,,,not_reported,,"[""tissue: ER+ Breast Cancer Primary Tumor""]",Data/Raw/GSE58135/GSE58135_series_matrix.txt,4159ae4e5eedc5c2bb13577adb85341d1c9d4d201e8a7770d5c6e99a8bffe777
GSM1401686,GSE58135,True,ER+,study2,02-04-A362a,ER+ Breast Cancer Primary Tumor,ER+ Breast Cancer Primary Tumor,,,,,,not_reported,,"[""tissue: ER+ Breast Cancer Primary Tumor""]",Data/Raw/GSE58135/GSE58135_series_matrix.txt,4159ae4e5eedc5c2bb13577adb85341d1c9d4d201e8a7770d5c6e99a8bffe777
GSM1401687,GSE58135,True,ER+,study2,02-05-A203b,ER+ Breast Cancer Primary Tumor,ER+ Breast Cancer Primary Tumor,,,,,,not_reported,,"[""tissue: ER+ Breast Cancer Primary Tumor""]",Data/Raw/GSE58135/GSE58135_series_matrix.txt,4159ae4e5eedc5c2bb13577adb85341d1c9d4d201e8a7770d5c6e99a8bffe777
GSM1401688,GSE58135,True,ER+,study2,02-06-A431a,ER+ Breast Cancer Primary Tumor,ER+ Breast Cancer Primary Tumor,,,,,,not_reported,,"[""tissue: ER+ Breast Cancer Primary Tumor""]",Data/Raw/GSE58135/GSE58135_series_matrix.txt,4159ae4e5eedc5c2bb13577adb85341d1c9d4d201e8a7770d5c6e99a8bffe777
GSM1401689,GSE58135,True,ER+,study2,03-01-A341c,ER+ Breast Cancer Primary Tumor,ER+ Breast Cancer Primary Tumor,,,,,,not_reported,,"[""tissue: ER+ Breast Cancer Primary Tumor""]",Data/Raw/GSE58135/GSE58135_series_matrix.txt,4159ae4e5eedc5c2bb13577adb85341d1c9d4d201e8a7770d5c6e99a8bffe777
GSM1401690,GSE58135,True,ER+,study2,03-02-A013a,ER+ Breast Cancer Primary Tumor,ER+ Breast Cancer Primary Tumor,,,,,,not_reported,,"[""tissue: ER+ Breast Cancer Primary Tumor""]",Data/Raw/GSE58135/GSE58135_series_matrix.txt,4159ae4e5eedc5c2bb13577adb85341d1c9d4d201e8a7770d5c6e99a8bffe777
GSM1401691,GSE58135,True,ER+,study2,03-03-A069a,ER+ Breast Cancer Primary Tumor,ER+ Breast Cancer Primary Tumor,,,,,,not_reported,,"[""tissue: ER+ Breast Cancer Primary Tumor""]",Data/Raw/GSE58135/GSE58135_series_matrix.txt,4159ae4e5eedc5c2bb13577adb85341d1c9d4d201e8a7770d5c6e99a8bffe777
GSM1401692,GSE58135,True,ER+,study2,03-03-A117b,ER+ Breast Cancer Primary Tumor,ER+ Breast Cancer Primary Tumor,,,,,,not_reported,,"[""tissue: ER+ Breast Cancer Primary Tumor""]",Data/Raw/GSE58135/GSE58135_series_matrix.txt,4159ae4e5eedc5c2bb13577adb85341d1c9d4d201e8a7770d5c6e99a8bffe777
GSM1401693,GSE58135,True,ER+,study2,04-07-A414a,ER+ Breast Cancer Primary Tumor,ER+ Breast Cancer Primary Tumor,,,,,,not_reported,,"[""tissue: ER+ Breast Cancer Primary Tumor""]",Data/Raw/GSE58135/GSE58135_series_matrix.txt,4159ae4e5eedc5c2bb13577adb85341d1c9d4d201e8a7770d5c6e99a8bffe777
GSM1401694,GSE58135,True,ER+,study2,04-07-A432a,ER+ Breast Cancer Primary Tumor,ER+ Breast Cancer Primary Tumor,,,,,,not_reported,,"[""tissue: ER+ Breast Cancer Primary Tumor""]",Data/Raw/GSE58135/GSE58135_series_matrix.txt,4159ae4e5eedc5c2bb13577adb85341d1c9d4d201e8a7770d5c6e99a8bffe777
GSM1401695,GSE58135,True,ER+,study2,04-08-A204c,ER+ Breast Cancer Primary Tumor,ER+ Breast Cancer Primary Tumor,,,,,,not_reported,,"[""tissue: ER+ Breast Cancer Primary Tumor""]",Data/Raw/GSE58135/GSE58135_series_matrix.txt,4159ae4e5eedc5c2bb13577adb85341d1c9d4d201e8a7770d5c6e99a8bffe777
GSM1401696,GSE58135,True,ER+,study2,04-09-A066b,ER+ Breast Cancer Primary Tumor,ER+ Breast Cancer Primary Tumor,,,,,,not_reported,,"[""tissue: ER+ Breast Cancer Primary Tumor""]",Data/Raw/GSE58135/GSE58135_series_matrix.txt,4159ae4e5eedc5c2bb13577adb85341d1c9d4d201e8a7770d5c6e99a8bffe777
GSM1401697,GSE58135,True,ER+,study2,05-01-A256a,ER+ Breast Cancer Primary Tumor,ER+ Breast Cancer Primary Tumor,,,,,,not_reported,,"[""tissue: ER+ Breast Cancer Primary Tumor""]",Data/Raw/GSE58135/GSE58135_series_matrix.txt,4159ae4e5eedc5c2bb13577adb85341d1c9d4d201e8a7770d5c6e99a8bffe777
GSM1401698,GSE58135,True,ER+,study2,05-07-A186a,ER+ Breast Cancer Primary Tumor,ER+ Breast Cancer Primary Tumor,,,,,,not_reported,,"[""tissue: ER+ Breast Cancer Primary Tumor""]",Data/Raw/GSE58135/GSE58135_series_matrix.txt,4159ae4e5eedc5c2bb13577adb85341d1c9d4d201e8a7770d5c6e99a8bffe777
GSM1401699,GSE58135,True,ER+,study2,05-09-A159a,ER+ Breast Cancer Primary Tumor,ER+ Breast Cancer Primary Tumor,,,,,,not_reported,,"[""tissue: ER+ Breast Cancer Primary Tumor""]",Data/Raw/GSE58135/GSE58135_series_matrix.txt,4159ae4e5eedc5c2bb13577adb85341d1c9d4d201e8a7770d5c6e99a8bffe777
GSM1401700,GSE58135,True,ER+,study2,05-11-A240b,ER+ Breast Cancer Primary Tumor,ER+ Breast Cancer Primary Tumor,,,,,,not_reported,,"[""tissue: ER+ Breast Cancer Primary Tumor""]",Data/Raw/GSE58135/GSE58135_series_matrix.txt,4159ae4e5eedc5c2bb13577adb85341d1c9d4d201e8a7770d5c6e99a8bffe777
GSM1401701,GSE58135,True,ER+,study2,07-10-A110a,ER+ Breast Cancer Primary Tumor,ER+ Breast Cancer Primary Tumor,,,,,,not_reported,,"[""tissue: ER+ Breast Cancer Primary Tumor""]",Data/Raw/GSE58135/GSE58135_series_matrix.txt,4159ae4e5eedc5c2bb13577adb85341d1c9d4d201e8a7770d5c6e99a8bffe777
GSM1401702,GSE58135,True,ER+,study2,07-11-A250a,ER+ Breast Cancer Primary Tumor,ER+ Breast Cancer Primary Tumor,,,,,,not_reported,,"[""tissue: ER+ Breast Cancer Primary Tumor""]",Data/Raw/GSE58135/GSE58135_series_matrix.txt,4159ae4e5eedc5c2bb13577adb85341d1c9d4d201e8a7770d5c6e99a8bffe777
GSM1401703,GSE58135,True,ER+,study2,07-12-A271b,ER+ Breast Cancer Primary Tumor,ER+ Breast Cancer Primary Tumor,,,,,,not_reported,,"[""tissue: ER+ Breast Cancer Primary Tumor""]",Data/Raw/GSE58135/GSE58135_series_matrix.txt,4159ae4e5eedc5c2bb13577adb85341d1c9d4d201e8a7770d5c6e99a8bffe777
GSM1401704,GSE58135,True,ER+,study2,08-01-A301a,ER+ Breast Cancer Primary Tumor,ER+ Breast Cancer Primary Tumor,,,,,,not_reported,,"[""tissue: ER+ Breast Cancer Primary Tumor""]",Data/Raw/GSE58135/GSE58135_series_matrix.txt,4159ae4e5eedc5c2bb13577adb85341d1c9d4d201e8a7770d5c6e99a8bffe777
GSM1401705,GSE58135,True,ER+,study2,08-02-A355a,ER+ Breast Cancer Primary Tumor,ER+ Breast Cancer Primary Tumor,,,,,,not_reported,,"[""tissue: ER+ Breast Cancer Primary Tumor""]",Data/Raw/GSE58135/GSE58135_series_matrix.txt,4159ae4e5eedc5c2bb13577adb85341d1c9d4d201e8a7770d5c6e99a8bffe777
GSM1401706,GSE58135,True,ER+,study2,08-08-A142a,ER+ Breast Cancer Primary Tumor,ER+ Breast Cancer Primary Tumor,,,,,,not_reported,,"[""tissue: ER+ Breast Cancer Primary Tumor""]",Data/Raw/GSE58135/GSE58135_series_matrix.txt,4159ae4e5eedc5c2bb13577adb85341d1c9d4d201e8a7770d5c6e99a8bffe777
GSM1401707,GSE58135,True,ER+,study2,08-09-A192a,ER+ Breast Cancer Primary Tumor,ER+ Breast Cancer Primary Tumor,,,,,,not_reported,,"[""tissue: ER+ Breast Cancer Primary Tumor""]",Data/Raw/GSE58135/GSE58135_series_matrix.txt,4159ae4e5eedc5c2bb13577adb85341d1c9d4d201e8a7770d5c6e99a8bffe777
GSM1401708,GSE58135,True,ER+,study2,09-01-A214e,ER+ Breast Cancer Primary Tumor,ER+ Breast Cancer Primary Tumor,,,,,,not_reported,,"[""tissue: ER+ Breast Cancer Primary Tumor""]",Data/Raw/GSE58135/GSE58135_series_matrix.txt,4159ae4e5eedc5c2bb13577adb85341d1c9d4d201e8a7770d5c6e99a8bffe777
GSM1401709,GSE58135,True,ER+,study2,09-03-A118a,ER+ Breast Cancer Primary Tumor,ER+ Breast Cancer Primary Tumor,,,,,,not_reported,,"[""tissue: ER+ Breast Cancer Primary Tumor""]",Data/Raw/GSE58135/GSE58135_series_matrix.txt,4159ae4e5eedc5c2bb13577adb85341d1c9d4d201e8a7770d5c6e99a8bffe777
GSM1401710,GSE58135,True,ER+,study2,09-05-A135a,ER+ Breast Cancer Primary Tumor,ER+ Breast Cancer Primary Tumor,,,,,,not_reported,,"[""tissue: ER+ Breast Cancer Primary Tumor""]",Data/Raw/GSE58135/GSE58135_series_matrix.txt,4159ae4e5eedc5c2bb13577adb85341d1c9d4d201e8a7770d5c6e99a8bffe777
GSM1401711,GSE58135,True,ER+,study2,09-05-A149a,ER+ Breast Cancer Primary Tumor,ER+ Breast Cancer Primary Tumor,,,,,,not_reported,,"[""tissue: ER+ Breast Cancer Primary Tumor""]",Data/Raw/GSE58135/GSE58135_series_matrix.txt,4159ae4e5eedc5c2bb13577adb85341d1c9d4d201e8a7770d5c6e99a8bffe777
GSM1401712,GSE58135,True,ER+,study2,09-09-A106a,ER+ Breast Cancer Primary Tumor,ER+ Breast Cancer Primary Tumor,,,,,,not_reported,,"[""tissue: ER+ Breast Cancer Primary Tumor""]",Data/Raw/GSE58135/GSE58135_series_matrix.txt,4159ae4e5eedc5c2bb13577adb85341d1c9d4d201e8a7770d5c6e99a8bffe777
GSM1401713,GSE58135,True,ER+,study2,09-10-A057a,ER+ Breast Cancer Primary Tumor,ER+ Breast Cancer Primary Tumor,,,,,,not_reported,,"[""tissue: ER+ Breast Cancer Primary Tumor""]",Data/Raw/GSE58135/GSE58135_series_matrix.txt,4159ae4e5eedc5c2bb13577adb85341d1c9d4d201e8a7770d5c6e99a8bffe777
GSM1401714,GSE58135,True,ER+,study2,09-11-A112a,ER+ Breast Cancer Primary Tumor,ER+ Breast Cancer Primary Tumor,,,,,,not_reported,,"[""tissue: ER+ Breast Cancer Primary Tumor""]",Data/Raw/GSE58135/GSE58135_series_matrix.txt,4159ae4e5eedc5c2bb13577adb85341d1c9d4d201e8a7770d5c6e99a8bffe777
GSM1401715,GSE58135,True,ER+,study2,10-01-A051a,ER+ Breast Cancer Primary Tumor,ER+ Breast Cancer Primary Tumor,,,,,,not_reported,,"[""tissue: ER+ Breast Cancer Primary Tumor""]",Data/Raw/GSE58135/GSE58135_series_matrix.txt,4159ae4e5eedc5c2bb13577adb85341d1c9d4d201e8a7770d5c6e99a8bffe777
GSM1401716,GSE58135,True,ER+,study2,02-01-A055b,ER+ Breast Cancer Primary Tumor,ER+ Breast Cancer Primary Tumor,,,,,,not_reported,,"[""tissue: ER+ Breast Cancer Primary Tumor""]",Data/Raw/GSE58135/GSE58135_series_matrix.txt,4159ae4e5eedc5c2bb13577adb85341d1c9d4d201e8a7770d5c6e99a8bffe777
GSM1401717,GSE58135,True,ER+,study2,06-01-A009b,ER+ Breast Cancer Primary Tumor,ER+ Breast Cancer Primary Tumor,,,,,,not_reported,,"[""tissue: ER+ Breast Cancer Primary Tumor""]",Data/Raw/GSE58135/GSE58135_series_matrix.txt,4159ae4e5eedc5c2bb13577adb85341d1c9d4d201e8a7770d5c6e99a8bffe777
GSM1401718,GSE58135,True,TNBC,study2,03-09-A268c,Triple Negative Breast Cancer Primary Tumor,Triple Negative Breast Cancer Primary Tumor,,,,,,not_reported,,"[""tissue: Triple Negative Breast Cancer Primary Tumor""]",Data/Raw/GSE58135/GSE58135_series_matrix.txt,4159ae4e5eedc5c2bb13577adb85341d1c9d4d201e8a7770d5c6e99a8bffe777
GSM1401719,GSE58135,True,TNBC,study2,05-04-A096a,Triple Negative Breast Cancer Primary Tumor,Triple Negative Breast Cancer Primary Tumor,,,,,,not_reported,,"[""tissue: Triple Negative Breast Cancer Primary Tumor""]",Data/Raw/GSE58135/GSE58135_series_matrix.txt,4159ae4e5eedc5c2bb13577adb85341d1c9d4d201e8a7770d5c6e99a8bffe777
GSM1401720,GSE58135,True,TNBC,study2,06-06-A277a,Triple Negative Breast Cancer Primary Tumor,Triple Negative Breast Cancer Primary Tumor,,,,,,not_reported,,"[""tissue: Triple Negative Breast Cancer Primary Tumor""]",Data/Raw/GSE58135/GSE58135_series_matrix.txt,4159ae4e5eedc5c2bb13577adb85341d1c9d4d201e8a7770d5c6e99a8bffe777
GSM1401721,GSE58135,True,TNBC,study2,03-10-A451c,Triple Negative Breast Cancer Primary Tumor,Triple Negative Breast Cancer Primary Tumor,,,,,,not_reported,,"[""tissue: Triple Negative Breast Cancer Primary Tumor""]",Data/Raw/GSE58135/GSE58135_series_matrix.txt,4159ae4e5eedc5c2bb13577adb85341d1c9d4d201e8a7770d5c6e99a8bffe777
GSM1401722,GSE58135,True,TNBC,study2,02-06-A195a,Triple Negative Breast Cancer Primary Tumor,Triple Negative Breast Cancer Primary Tumor,,,,,,not_reported,,"[""tissue: Triple Negative Breast Cancer Primary Tumor""]",Data/Raw/GSE58135/GSE58135_series_matrix.txt,4159ae4e5eedc5c2bb13577adb85341d1c9d4d201e8a7770d5c6e99a8bffe777
GSM1401723,GSE58135,True,TNBC,study2,03-11-A307c,Triple Negative Breast Cancer Primary Tumor,Triple Negative Breast Cancer Primary Tumor,,,,,,not_reported,,"[""tissue: Triple Negative Breast Cancer Primary Tumor""]",Data/Raw/GSE58135/GSE58135_series_matrix.txt,4159ae4e5eedc5c2bb13577adb85341d1c9d4d201e8a7770d5c6e99a8bffe777
GSM1401724,GSE58135,True,TNBC,study2,04-07-A416b,Triple Negative Breast Cancer Primary Tumor,Triple Negative Breast Cancer Primary Tumor,,,,,,not_reported,,"[""tissue: Triple Negative Breast Cancer Primary Tumor""]",Data/Raw/GSE58135/GSE58135_series_matrix.txt,4159ae4e5eedc5c2bb13577adb85341d1c9d4d201e8a7770d5c6e99a8bffe777
GSM1401725,GSE58135,True,TNBC,study2,05-12-A078b,Triple Negative Breast Cancer Primary Tumor,Triple Negative Breast Cancer Primary Tumor,,,,,,not_reported,,"[""tissue: Triple Negative Breast Cancer Primary Tumor""]",Data/Raw/GSE58135/GSE58135_series_matrix.txt,4159ae4e5eedc5c2bb13577adb85341d1c9d4d201e8a7770d5c6e99a8bffe777
GSM1401726,GSE58135,True,TNBC,study2,01-09-A215b,Triple Negative Breast Cancer Primary Tumor,Triple Negative Breast Cancer Primary Tumor,,,,,,not_reported,,"[""tissue: Triple Negative Breast Cancer Primary Tumor""]",Data/Raw/GSE58135/GSE58135_series_matrix.txt,4159ae4e5eedc5c2bb13577adb85341d1c9d4d201e8a7770d5c6e99a8bffe777
GSM1401727,GSE58135,True,TNBC,study2,09-03-A053A,Triple Negative Breast Cancer Primary Tumor,Triple Negative Breast Cancer Primary Tumor,,,,,,not_reported,,"[""tissue: Triple Negative Breast Cancer Primary Tumor""]",Data/Raw/GSE58135/GSE58135_series_matrix.txt,4159ae4e5eedc5c2bb13577adb85341d1c9d4d201e8a7770d5c6e99a8bffe777
GSM1401728,GSE58135,True,TNBC,study2,09-06-A120A,Triple Negative Breast Cancer Primary Tumor,Triple Negative Breast Cancer Primary Tumor,,,,,,not_reported,,"[""tissue: Triple Negative Breast Cancer Primary Tumor""]",Data/Raw/GSE58135/GSE58135_series_matrix.txt,4159ae4e5eedc5c2bb13577adb85341d1c9d4d201e8a7770d5c6e99a8bffe777
GSM1401729,GSE58135,True,TNBC,study2,10-09-A101A,Triple Negative Breast Cancer Primary Tumor,Triple Negative Breast Cancer Primary Tumor,,,,,,not_reported,,"[""tissue: Triple Negative Breast Cancer Primary Tumor""]",Data/Raw/GSE58135/GSE58135_series_matrix.txt,4159ae4e5eedc5c2bb13577adb85341d1c9d4d201e8a7770d5c6e99a8bffe777
GSM1401730,GSE58135,True,TNBC,study2,10-07-A138,Triple Negative Breast Cancer Primary Tumor,Triple Negative Breast Cancer Primary Tumor,,,,,,not_reported,,"[""tissue: Triple Negative Breast Cancer Primary Tumor""]",Data/Raw/GSE58135/GSE58135_series_matrix.txt,4159ae4e5eedc5c2bb13577adb85341d1c9d4d201e8a7770d5c6e99a8bffe777
GSM1401731,GSE58135,True,TNBC,study2,09-12-A158B,Triple Negative Breast Cancer Primary Tumor,Triple Negative Breast Cancer Primary Tumor,,,,,,not_reported,,"[""tissue: Triple Negative Breast Cancer Primary Tumor""]",Data/Raw/GSE58135/GSE58135_series_matrix.txt,4159ae4e5eedc5c2bb13577adb85341d1c9d4d201e8a7770d5c6e99a8bffe777
GSM1401732,GSE58135,True,TNBC,study2,10-10-A177A,Triple Negative Breast Cancer Primary Tumor,Triple Negative Breast Cancer Primary Tumor,,,,,,not_reported,,"[""tissue: Triple Negative Breast Cancer Primary Tumor""]",Data/Raw/GSE58135/GSE58135_series_matrix.txt,4159ae4e5eedc5c2bb13577adb85341d1c9d4d201e8a7770d5c6e99a8bffe777
GSM1401733,GSE58135,True,TNBC,study2,01-04-A048C,Triple Negative Breast Cancer Primary Tumor,Triple Negative Breast Cancer Primary Tumor,,,,,,not_reported,,"[""tissue: Triple Negative Breast Cancer Primary Tumor""]",Data/Raw/GSE58135/GSE58135_series_matrix.txt,4159ae4e5eedc5c2bb13577adb85341d1c9d4d201e8a7770d5c6e99a8bffe777
GSM1401734,GSE58135,True,TNBC,study2,03-02-A158a,Triple Negative Breast Cancer Primary Tumor,Triple Negative Breast Cancer Primary Tumor,,,,,,not_reported,,"[""tissue: Triple Negative Breast Cancer Primary Tumor""]",Data/Raw/GSE58135/GSE58135_series_matrix.txt,4159ae4e5eedc5c2bb13577adb85341d1c9d4d201e8a7770d5c6e99a8bffe777
GSM1401735,GSE58135,True,TNBC,study2,04-06-A164a,Triple Negative Breast Cancer Primary Tumor,Triple Negative Breast Cancer Primary Tumor,,,,,,not_reported,,"[""tissue: Triple Negative Breast Cancer Primary Tumor""]",Data/Raw/GSE58135/GSE58135_series_matrix.txt,4159ae4e5eedc5c2bb13577adb85341d1c9d4d201e8a7770d5c6e99a8bffe777
GSM1401736,GSE58135,True,TNBC,study2,09-06-A089A,Triple Negative Breast Cancer Primary Tumor,Triple Negative Breast Cancer Primary Tumor,,,,,,not_reported,,"[""tissue: Triple Negative Breast Cancer Primary Tumor""]",Data/Raw/GSE58135/GSE58135_series_matrix.txt,4159ae4e5eedc5c2bb13577adb85341d1c9d4d201e8a7770d5c6e99a8bffe777
GSM1401737,GSE58135,True,TNBC,study2,08-10-A297d,Triple Negative Breast Cancer Primary Tumor,Triple Negative Breast Cancer Primary Tumor,,,,,,not_reported,,"[""tissue: Triple Negative Breast Cancer Primary Tumor""]",Data/Raw/GSE58135/GSE58135_series_matrix.txt,4159ae4e5eedc5c2bb13577adb85341d1c9d4d201e8a7770d5c6e99a8bffe777
GSM1401738,GSE58135,True,TNBC,study2,05-05-A201a,Triple Negative Breast Cancer Primary Tumor,Triple Negative Breast Cancer Primary Tumor,,,,,,not_reported,,"[""tissue: Triple Negative Breast Cancer Primary Tumor""]",Data/Raw/GSE58135/GSE58135_series_matrix.txt,4159ae4e5eedc5c2bb13577adb85341d1c9d4d201e8a7770d5c6e99a8bffe777
GSM1401739,GSE58135,True,TNBC,study2,03-12-A386a,Triple Negative Breast Cancer Primary Tumor,Triple Negative Breast Cancer Primary Tumor,,,,,,not_reported,,"[""tissue: Triple Negative Breast Cancer Primary Tumor""]",Data/Raw/GSE58135/GSE58135_series_matrix.txt,4159ae4e5eedc5c2bb13577adb85341d1c9d4d201e8a7770d5c6e99a8bffe777
GSM1401740,GSE58135,True,TNBC,study2,10-06-A120c,Triple Negative Breast Cancer Primary Tumor,Triple Negative Breast Cancer Primary Tumor,,,,,,not_reported,,"[""tissue: Triple Negative Breast Cancer Primary Tumor""]",Data/Raw/GSE58135/GSE58135_series_matrix.txt,4159ae4e5eedc5c2bb13577adb85341d1c9d4d201e8a7770d5c6e99a8bffe777
GSM1401741,GSE58135,True,TNBC,study2,09-06-A139A,Triple Negative Breast Cancer Primary Tumor,Triple Negative Breast Cancer Primary Tumor,,,,,,not_reported,,"[""tissue: Triple Negative Breast Cancer Primary Tumor""]",Data/Raw/GSE58135/GSE58135_series_matrix.txt,4159ae4e5eedc5c2bb13577adb85341d1c9d4d201e8a7770d5c6e99a8bffe777
GSM1401742,GSE58135,True,TNBC,study2,05-09-A223a,Triple Negative Breast Cancer Primary Tumor,Triple Negative Breast Cancer Primary Tumor,,,,,,not_reported,,"[""tissue: Triple Negative Breast Cancer Primary Tumor""]",Data/Raw/GSE58135/GSE58135_series_matrix.txt,4159ae4e5eedc5c2bb13577adb85341d1c9d4d201e8a7770d5c6e99a8bffe777
GSM1401743,GSE58135,True,TNBC,study2,02-03-A078a,Triple Negative Breast Cancer Primary Tumor,Triple Negative Breast Cancer Primary Tumor,,,,,,not_reported,,"[""tissue: Triple Negative Breast Cancer Primary Tumor""]",Data/Raw/GSE58135/GSE58135_series_matrix.txt,4159ae4e5eedc5c2bb13577adb85341d1c9d4d201e8a7770d5c6e99a8bffe777
GSM1401744,GSE58135,True,TNBC,study2,04-08-A183c,Triple Negative Breast Cancer Primary Tumor,Triple Negative Breast Cancer Primary Tumor,,,,,,not_reported,,"[""tissue: Triple Negative Breast Cancer Primary Tumor""]",Data/Raw/GSE58135/GSE58135_series_matrix.txt,4159ae4e5eedc5c2bb13577adb85341d1c9d4d201e8a7770d5c6e99a8bffe777
GSM1401745,GSE58135,True,TNBC,study2,03-06-A283b,Triple Negative Breast Cancer Primary Tumor,Triple Negative Breast Cancer Primary Tumor,,,,,,not_reported,,"[""tissue: Triple Negative Breast Cancer Primary Tumor""]",Data/Raw/GSE58135/GSE58135_series_matrix.txt,4159ae4e5eedc5c2bb13577adb85341d1c9d4d201e8a7770d5c6e99a8bffe777
GSM1401746,GSE58135,True,TNBC,study2,01-08-A054a,Triple Negative Breast Cancer Primary Tumor,Triple Negative Breast Cancer Primary Tumor,,,,,,not_reported,,"[""tissue: Triple Negative Breast Cancer Primary Tumor""]",Data/Raw/GSE58135/GSE58135_series_matrix.txt,4159ae4e5eedc5c2bb13577adb85341d1c9d4d201e8a7770d5c6e99a8bffe777
GSM1401747,GSE58135,True,TNBC,study2,02-06-A263c,Triple Negative Breast Cancer Primary Tumor,Triple Negative Breast Cancer Primary Tumor,,,,,,not_reported,,"[""tissue: Triple Negative Breast Cancer Primary Tumor""]",Data/Raw/GSE58135/GSE58135_series_matrix.txt,4159ae4e5eedc5c2bb13577adb85341d1c9d4d201e8a7770d5c6e99a8bffe777
GSM1401748,GSE58135,True,TNBC,study2,03-12-A222a,Triple Negative Breast Cancer Primary Tumor,Triple Negative Breast Cancer Primary Tumor,,,,,,not_reported,,"[""tissue: Triple Negative Breast Cancer Primary Tumor""]",Data/Raw/GSE58135/GSE58135_series_matrix.txt,4159ae4e5eedc5c2bb13577adb85341d1c9d4d201e8a7770d5c6e99a8bffe777
GSM1401749,GSE58135,True,TNBC,study2,04-01-A168c,Triple Negative Breast Cancer Primary Tumor,Triple Negative Breast Cancer Primary Tumor,,,,,,not_reported,,"[""tissue: Triple Negative Breast Cancer Primary Tumor""]",Data/Raw/GSE58135/GSE58135_series_matrix.txt,4159ae4e5eedc5c2bb13577adb85341d1c9d4d201e8a7770d5c6e99a8bffe777
GSM1401750,GSE58135,True,TNBC,study2,04-08-A020B,Triple Negative Breast Cancer Primary Tumor,Triple Negative Breast Cancer Primary Tumor,,,,,,not_reported,,"[""tissue: Triple Negative Breast Cancer Primary Tumor""]",Data/Raw/GSE58135/GSE58135_series_matrix.txt,4159ae4e5eedc5c2bb13577adb85341d1c9d4d201e8a7770d5c6e99a8bffe777
GSM1401751,GSE58135,True,TNBC,study2,03-07-A523B,Triple Negative Breast Cancer Primary Tumor,Triple Negative Breast Cancer Primary Tumor,,,,,,not_reported,,"[""tissue: Triple Negative Breast Cancer Primary Tumor""]",Data/Raw/GSE58135/GSE58135_series_matrix.txt,4159ae4e5eedc5c2bb13577adb85341d1c9d4d201e8a7770d5c6e99a8bffe777
GSM1401752,GSE58135,True,TNBC,study2,04-08-A101c,Triple Negative Breast Cancer Primary Tumor,Triple Negative Breast Cancer Primary Tumor,,,,,,not_reported,,"[""tissue: Triple Negative Breast Cancer Primary Tumor""]",Data/Raw/GSE58135/GSE58135_series_matrix.txt,4159ae4e5eedc5c2bb13577adb85341d1c9d4d201e8a7770d5c6e99a8bffe777
GSM1401753,GSE58135,True,TNBC,study2,03-09-A087c,Triple Negative Breast Cancer Primary Tumor,Triple Negative Breast Cancer Primary Tumor,,,,,,not_reported,,"[""tissue: Triple Negative Breast Cancer Primary Tumor""]",Data/Raw/GSE58135/GSE58135_series_matrix.txt,4159ae4e5eedc5c2bb13577adb85341d1c9d4d201e8a7770d5c6e99a8bffe777
GSM1401754,GSE58135,True,TNBC,study2,03-12-A154a,Triple Negative Breast Cancer Primary Tumor,Triple Negative Breast Cancer Primary Tumor,,,,,,not_reported,,"[""tissue: Triple Negative Breast Cancer Primary Tumor""]",Data/Raw/GSE58135/GSE58135_series_matrix.txt,4159ae4e5eedc5c2bb13577adb85341d1c9d4d201e8a7770d5c6e99a8bffe777
GSM1401755,GSE58135,True,TNBC,study2,04-07-A389b,Triple Negative Breast Cancer Primary Tumor,Triple Negative Breast Cancer Primary Tumor,,,,,,not_reported,,"[""tissue: Triple Negative Breast Cancer Primary Tumor""]",Data/Raw/GSE58135/GSE58135_series_matrix.txt,4159ae4e5eedc5c2bb13577adb85341d1c9d4d201e8a7770d5c6e99a8bffe777
GSM1401756,GSE58135,True,TNBC,study2,02-10-A335a,Triple Negative Breast Cancer Primary Tumor,Triple Negative Breast Cancer Primary Tumor,,,,,,not_reported,,"[""tissue: Triple Negative Breast Cancer Primary Tumor""]",Data/Raw/GSE58135/GSE58135_series_matrix.txt,4159ae4e5eedc5c2bb13577adb85341d1c9d4d201e8a7770d5c6e99a8bffe777
GSM1401757,GSE58135,True,TNBC,study2,04-08-A019a,Triple Negative Breast Cancer Primary Tumor,Triple Negative Breast Cancer Primary Tumor,,,,,,not_reported,,"[""tissue: Triple Negative Breast Cancer Primary Tumor""]",Data/Raw/GSE58135/GSE58135_series_matrix.txt,4159ae4e5eedc5c2bb13577adb85341d1c9d4d201e8a7770d5c6e99a8bffe777
GSM1401758,GSE58135,True,TNBC,study2,06-04-A286b,Triple Negative Breast Cancer Primary Tumor,Triple Negative Breast Cancer Primary Tumor,,,,,,not_reported,,"[""tissue: Triple Negative Breast Cancer Primary Tumor""]",Data/Raw/GSE58135/GSE58135_series_matrix.txt,4159ae4e5eedc5c2bb13577adb85341d1c9d4d201e8a7770d5c6e99a8bffe777
GSM1401759,GSE58135,True,TNBC,study2,10-11-A138B,Triple Negative Breast Cancer Primary Tumor,Triple Negative Breast Cancer Primary Tumor,,,,,,not_reported,,"[""tissue: Triple Negative Breast Cancer Primary Tumor""]",Data/Raw/GSE58135/GSE58135_series_matrix.txt,4159ae4e5eedc5c2bb13577adb85341d1c9d4d201e8a7770d5c6e99a8bffe777
GSM1401760,GSE58135,False,,,00-11-A038a,Uninvolved Breast Tissue Adjacent to ER+ Primary Tumor,Uninvolved Breast Tissue Adjacent to ER+ Primary Tumor,,,,,,not_reported,unknown,"[""tissue: Uninvolved Breast Tissue Adjacent to ER+ Primary Tumor""]",Data/Raw/GSE58135/GSE58135_series_matrix.txt,4159ae4e5eedc5c2bb13577adb85341d1c9d4d201e8a7770d5c6e99a8bffe777
GSM1401761,GSE58135,False,,,01-01-A062a,Uninvolved Breast Tissue Adjacent to ER+ Primary Tumor,Uninvolved Breast Tissue Adjacent to ER+ Primary Tumor,,,,,,not_reported,unknown,"[""tissue: Uninvolved Breast Tissue Adjacent to ER+ Primary Tumor""]",Data/Raw/GSE58135/GSE58135_series_matrix.txt,4159ae4e5eedc5c2bb13577adb85341d1c9d4d201e8a7770d5c6e99a8bffe777
GSM1401762,GSE58135,False,,,01-02-A057b,Uninvolved Breast Tissue Adjacent to ER+ Primary Tumor,Uninvolved Breast Tissue Adjacent to ER+ Primary Tumor,,,,,,not_reported,unknown,"[""tissue: Uninvolved Breast Tissue Adjacent to ER+ Primary Tumor""]",Data/Raw/GSE58135/GSE58135_series_matrix.txt,4159ae4e5eedc5c2bb13577adb85341d1c9d4d201e8a7770d5c6e99a8bffe777
GSM1401763,GSE58135,False,,,01-02-A326a,Uninvolved Breast Tissue Adjacent to ER+ Primary Tumor,Uninvolved Breast Tissue Adjacent to ER+ Primary Tumor,,,,,,not_reported,unknown,"[""tissue: Uninvolved Breast Tissue Adjacent to ER+ Primary Tumor""]",Data/Raw/GSE58135/GSE58135_series_matrix.txt,4159ae4e5eedc5c2bb13577adb85341d1c9d4d201e8a7770d5c6e99a8bffe777
GSM1401764,GSE58135,False,,,01-03-A208a,Uninvolved Breast Tissue Adjacent to ER+ Primary Tumor,Uninvolved Breast Tissue Adjacent to ER+ Primary Tumor,,,,,,not_reported,unknown,"[""tissue: Uninvolved Breast Tissue Adjacent to ER+ Primary Tumor""]",Data/Raw/GSE58135/GSE58135_series_matrix.txt,4159ae4e5eedc5c2bb13577adb85341d1c9d4d201e8a7770d5c6e99a8bffe777
GSM1401765,GSE58135,False,,,01-05-A183a,Uninvolved Breast Tissue Adjacent to ER+ Primary Tumor,Uninvolved Breast Tissue Adjacent to ER+ Primary Tumor,,,,,,not_reported,unknown,"[""tissue: Uninvolved Breast Tissue Adjacent to ER+ Primary Tumor""]",Data/Raw/GSE58135/GSE58135_series_matrix.txt,4159ae4e5eedc5c2bb13577adb85341d1c9d4d201e8a7770d5c6e99a8bffe777
GSM1401766,GSE58135,False,,,01-05-A360a,Uninvolved Breast Tissue Adjacent to ER+ Primary Tumor,Uninvolved Breast Tissue Adjacent to ER+ Primary Tumor,,,,,,not_reported,unknown,"[""tissue: Uninvolved Breast Tissue Adjacent to ER+ Primary Tumor""]",Data/Raw/GSE58135/GSE58135_series_matrix.txt,4159ae4e5eedc5c2bb13577adb85341d1c9d4d201e8a7770d5c6e99a8bffe777
GSM1401767,GSE58135,False,,,01-07-A283b,Uninvolved Breast Tissue Adjacent to ER+ Primary Tumor,Uninvolved Breast Tissue Adjacent to ER+ Primary Tumor,,,,,,not_reported,unknown,"[""tissue: Uninvolved Breast Tissue Adjacent to ER+ Primary Tumor""]",Data/Raw/GSE58135/GSE58135_series_matrix.txt,4159ae4e5eedc5c2bb13577adb85341d1c9d4d201e8a7770d5c6e99a8bffe777
GSM1401768,GSE58135,False,,,02-01-A056b,Uninvolved Breast Tissue Adjacent to ER+ Primary Tumor,Uninvolved Breast Tissue Adjacent to ER+ Primary Tumor,,,,,,not_reported,unknown,"[""tissue: Uninvolved Breast Tissue Adjacent to ER+ Primary Tumor""]",Data/Raw/GSE58135/GSE58135_series_matrix.txt,4159ae4e5eedc5c2bb13577adb85341d1c9d4d201e8a7770d5c6e99a8bffe777
GSM1401769,GSE58135,False,,,02-05-A204a,Uninvolved Breast Tissue Adjacent to ER+ Primary Tumor,Uninvolved Breast Tissue Adjacent to ER+ Primary Tumor,,,,,,not_reported,unknown,"[""tissue: Uninvolved Breast Tissue Adjacent to ER+ Primary Tumor""]",Data/Raw/GSE58135/GSE58135_series_matrix.txt,4159ae4e5eedc5c2bb13577adb85341d1c9d4d201e8a7770d5c6e99a8bffe777
GSM1401770,GSE58135,False,,,02-06-A429a,Uninvolved Breast Tissue Adjacent to ER+ Primary Tumor,Uninvolved Breast Tissue Adjacent to ER+ Primary Tumor,,,,,,not_reported,unknown,"[""tissue: Uninvolved Breast Tissue Adjacent to ER+ Primary Tumor""]",Data/Raw/GSE58135/GSE58135_series_matrix.txt,4159ae4e5eedc5c2bb13577adb85341d1c9d4d201e8a7770d5c6e99a8bffe777
GSM1401771,GSE58135,False,,,03-01-A342a,Uninvolved Breast Tissue Adjacent to ER+ Primary Tumor,Uninvolved Breast Tissue Adjacent to ER+ Primary Tumor,,,,,,not_reported,unknown,"[""tissue: Uninvolved Breast Tissue Adjacent to ER+ Primary Tumor""]",Data/Raw/GSE58135/GSE58135_series_matrix.txt,4159ae4e5eedc5c2bb13577adb85341d1c9d4d201e8a7770d5c6e99a8bffe777
GSM1401772,GSE58135,False,,,03-02-A014a,Uninvolved Breast Tissue Adjacent to ER+ Primary Tumor,Uninvolved Breast Tissue Adjacent to ER+ Primary Tumor,,,,,,not_reported,unknown,"[""tissue: Uninvolved Breast Tissue Adjacent to ER+ Primary Tumor""]",Data/Raw/GSE58135/GSE58135_series_matrix.txt,4159ae4e5eedc5c2bb13577adb85341d1c9d4d201e8a7770d5c6e99a8bffe777
GSM1401773,GSE58135,False,,,03-03-A070a,Uninvolved Breast Tissue Adjacent to ER+ Primary Tumor,Uninvolved Breast Tissue Adjacent to ER+ Primary Tumor,,,,,,not_reported,unknown,"[""tissue: Uninvolved Breast Tissue Adjacent to ER+ Primary Tumor""]",Data/Raw/GSE58135/GSE58135_series_matrix.txt,4159ae4e5eedc5c2bb13577adb85341d1c9d4d201e8a7770d5c6e99a8bffe777
GSM1401774,GSE58135,False,,,03-03-A118a,Uninvolved Breast Tissue Adjacent to ER+ Primary Tumor,Uninvolved Breast Tissue Adjacent to ER+ Primary Tumor,,,,,,not_reported,unknown,"[""tissue: Uninvolved Breast Tissue Adjacent to ER+ Primary Tumor""]",Data/Raw/GSE58135/GSE58135_series_matrix.txt,4159ae4e5eedc5c2bb13577adb85341d1c9d4d201e8a7770d5c6e99a8bffe777
GSM1401775,GSE58135,False,,,04-07-A434a,Uninvolved Breast Tissue Adjacent to ER+ Primary Tumor,Uninvolved Breast Tissue Adjacent to ER+ Primary Tumor,,,,,,not_reported,unknown,"[""tissue: Uninvolved Breast Tissue Adjacent to ER+ Primary Tumor""]",Data/Raw/GSE58135/GSE58135_series_matrix.txt,4159ae4e5eedc5c2bb13577adb85341d1c9d4d201e8a7770d5c6e99a8bffe777
GSM1401776,GSE58135,False,,,04-08-A206a,Uninvolved Breast Tissue Adjacent to ER+ Primary Tumor,Uninvolved Breast Tissue Adjacent to ER+ Primary Tumor,,,,,,not_reported,unknown,"[""tissue: Uninvolved Breast Tissue Adjacent to ER+ Primary Tumor""]",Data/Raw/GSE58135/GSE58135_series_matrix.txt,4159ae4e5eedc5c2bb13577adb85341d1c9d4d201e8a7770d5c6e99a8bffe777
GSM1401777,GSE58135,False,,,04-09-A067a,Uninvolved Breast Tissue Adjacent to ER+ Primary Tumor,Uninvolved Breast Tissue Adjacent to ER+ Primary Tumor,,,,,,not_reported,unknown,"[""tissue: Uninvolved Breast Tissue Adjacent to ER+ Primary Tumor""]",Data/Raw/GSE58135/GSE58135_series_matrix.txt,4159ae4e5eedc5c2bb13577adb85341d1c9d4d201e8a7770d5c6e99a8bffe777
GSM1401778,GSE58135,False,,,05-01-A258a,Uninvolved Breast Tissue Adjacent to ER+ Primary Tumor,Uninvolved Breast Tissue Adjacent to ER+ Primary Tumor,,,,,,not_reported,unknown,"[""tissue: Uninvolved Breast Tissue Adjacent to ER+ Primary Tumor""]",Data/Raw/GSE58135/GSE58135_series_matrix.txt,4159ae4e5eedc5c2bb13577adb85341d1c9d4d201e8a7770d5c6e99a8bffe777
GSM1401779,GSE58135,False,,,05-07-A187a,Uninvolved Breast Tissue Adjacent to ER+ Primary Tumor,Uninvolved Breast Tissue Adjacent to ER+ Primary Tumor,,,,,,not_reported,unknown,"[""tissue: Uninvolved Breast Tissue Adjacent to ER+ Primary Tumor""]",Data/Raw/GSE58135/GSE58135_series_matrix.txt,4159ae4e5eedc5c2bb13577adb85341d1c9d4d201e8a7770d5c6e99a8bffe777
GSM1401780,GSE58135,False,,,05-09-A160a,Uninvolved Breast Tissue Adjacent to ER+ Primary Tumor,Uninvolved Breast Tissue Adjacent to ER+ Primary Tumor,,,,,,not_reported,unknown,"[""tissue: Uninvolved Breast Tissue Adjacent to ER+ Primary Tumor""]",Data/Raw/GSE58135/GSE58135_series_matrix.txt,4159ae4e5eedc5c2bb13577adb85341d1c9d4d201e8a7770d5c6e99a8bffe777
GSM1401781,GSE58135,False,,,06-01-A010b,Uninvolved Breast Tissue Adjacent to ER+ Primary Tumor,Uninvolved Breast Tissue Adjacent to ER+ Primary Tumor,,,,,,not_reported,unknown,"[""tissue: Uninvolved Breast Tissue Adjacent to ER+ Primary Tumor""]",Data/Raw/GSE58135/GSE58135_series_matrix.txt,4159ae4e5eedc5c2bb13577adb85341d1c9d4d201e8a7770d5c6e99a8bffe777
GSM1401782,GSE58135,False,,,07-12-A271a,Uninvolved Breast Tissue Adjacent to ER+ Primary Tumor,Uninvolved Breast Tissue Adjacent to ER+ Primary Tumor,,,,,,not_reported,unknown,"[""tissue: Uninvolved Breast Tissue Adjacent to ER+ Primary Tumor""]",Data/Raw/GSE58135/GSE58135_series_matrix.txt,4159ae4e5eedc5c2bb13577adb85341d1c9d4d201e8a7770d5c6e99a8bffe777
GSM1401783,GSE58135,False,,,08-02-A356a,Uninvolved Breast Tissue Adjacent to ER+ Primary Tumor,Uninvolved Breast Tissue Adjacent to ER+ Primary Tumor,,,,,,not_reported,unknown,"[""tissue: Uninvolved Breast Tissue Adjacent to ER+ Primary Tumor""]",Data/Raw/GSE58135/GSE58135_series_matrix.txt,4159ae4e5eedc5c2bb13577adb85341d1c9d4d201e8a7770d5c6e99a8bffe777
GSM1401784,GSE58135,False,,,09-03-A119a,Uninvolved Breast Tissue Adjacent to ER+ Primary Tumor,Uninvolved Breast Tissue Adjacent to ER+ Primary Tumor,,,,,,not_reported,unknown,"[""tissue: Uninvolved Breast Tissue Adjacent to ER+ Primary Tumor""]",Data/Raw/GSE58135/GSE58135_series_matrix.txt,4159ae4e5eedc5c2bb13577adb85341d1c9d4d201e8a7770d5c6e99a8bffe777
GSM1401785,GSE58135,False,,,09-10-A058a,Uninvolved Breast Tissue Adjacent to ER+ Primary Tumor,Uninvolved Breast Tissue Adjacent to ER+ Primary Tumor,,,,,,not_reported,unknown,"[""tissue: Uninvolved Breast Tissue Adjacent to ER+ Primary Tumor""]",Data/Raw/GSE58135/GSE58135_series_matrix.txt,4159ae4e5eedc5c2bb13577adb85341d1c9d4d201e8a7770d5c6e99a8bffe777
GSM1401786,GSE58135,False,,,09-11-A113b,Uninvolved Breast Tissue Adjacent to ER+ Primary Tumor,Uninvolved Breast Tissue Adjacent to ER+ Primary Tumor,,,,,,not_reported,unknown,"[""tissue: Uninvolved Breast Tissue Adjacent to ER+ Primary Tumor""]",Data/Raw/GSE58135/GSE58135_series_matrix.txt,4159ae4e5eedc5c2bb13577adb85341d1c9d4d201e8a7770d5c6e99a8bffe777
GSM1401787,GSE58135,False,,,10-01-A052a,Uninvolved Breast Tissue Adjacent to ER+ Primary Tumor,Uninvolved Breast Tissue Adjacent to ER+ Primary Tumor,,,,,,not_reported,unknown,"[""tissue: Uninvolved Breast Tissue Adjacent to ER+ Primary Tumor""]",Data/Raw/GSE58135/GSE58135_series_matrix.txt,4159ae4e5eedc5c2bb13577adb85341d1c9d4d201e8a7770d5c6e99a8bffe777
GSM1401788,GSE58135,False,,,04-07-A415c,Uninvolved Breast Tissue Adjacent to ER+ Primary Tumor,Uninvolved Breast Tissue Adjacent to ER+ Primary Tumor,,,,,,not_reported,unknown,"[""tissue: Uninvolved Breast Tissue Adjacent to ER+ Primary Tumor""]",Data/Raw/GSE58135/GSE58135_series_matrix.txt,4159ae4e5eedc5c2bb13577adb85341d1c9d4d201e8a7770d5c6e99a8bffe777
GSM1401789,GSE58135,False,,,09-09-A107b,Uninvolved Breast Tissue Adjacent to ER+ Primary Tumor,Uninvolved Breast Tissue Adjacent to ER+ Primary Tumor,,,,,,not_reported,unknown,"[""tissue: Uninvolved Breast Tissue Adjacent to ER+ Primary Tumor""]",Data/Raw/GSE58135/GSE58135_series_matrix.txt,4159ae4e5eedc5c2bb13577adb85341d1c9d4d201e8a7770d5c6e99a8bffe777
GSM1401790,GSE58135,True,Normal,study2,09-12-A183c,Reduction Mammoplasty - No known cancer,Reduction Mammoplasty - No known cancer,,,,,,not_reported,,"[""tissue: Reduction Mammoplasty - No known cancer""]",Data/Raw/GSE58135/GSE58135_series_matrix.txt,4159ae4e5eedc5c2bb13577adb85341d1c9d4d201e8a7770d5c6e99a8bffe777
GSM1401791,GSE58135,True,Normal,study2,10-04-A001b,Reduction Mammoplasty - No known cancer,Reduction Mammoplasty - No known cancer,,,,,,not_reported,,"[""tissue: Reduction Mammoplasty - No known cancer""]",Data/Raw/GSE58135/GSE58135_series_matrix.txt,4159ae4e5eedc5c2bb13577adb85341d1c9d4d201e8a7770d5c6e99a8bffe777
GSM1401792,GSE58135,True,Normal,study2,11-01-A098b,Reduction Mammoplasty - No known cancer,Reduction Mammoplasty - No known cancer,,,,,,not_reported,,"[""tissue: Reduction Mammoplasty - No known cancer""]",Data/Raw/GSE58135/GSE58135_series_matrix.txt,4159ae4e5eedc5c2bb13577adb85341d1c9d4d201e8a7770d5c6e99a8bffe777
GSM1401793,GSE58135,True,Normal,study2,11-08-A057b,Reduction Mammoplasty - No known cancer,Reduction Mammoplasty - No known cancer,,,,,,not_reported,,"[""tissue: Reduction Mammoplasty - No known cancer""]",Data/Raw/GSE58135/GSE58135_series_matrix.txt,4159ae4e5eedc5c2bb13577adb85341d1c9d4d201e8a7770d5c6e99a8bffe777
GSM1401794,GSE58135,True,Normal,study2,11-08-A076b,Reduction Mammoplasty - No known cancer,Reduction Mammoplasty - No known cancer,,,,,,not_reported,,"[""tissue: Reduction Mammoplasty - No known cancer""]",Data/Raw/GSE58135/GSE58135_series_matrix.txt,4159ae4e5eedc5c2bb13577adb85341d1c9d4d201e8a7770d5c6e99a8bffe777
GSM1401795,GSE58135,True,Normal,study2,03-06-A284a,Uninvolved Breast Tissue Adjacent to TNBC Primary Tumor,Uninvolved Breast Tissue Adjacent to TNBC Primary Tumor,,,,,,not_reported,,"[""tissue: Uninvolved Breast Tissue Adjacent to TNBC Primary Tumor""]",Data/Raw/GSE58135/GSE58135_series_matrix.txt,4159ae4e5eedc5c2bb13577adb85341d1c9d4d201e8a7770d5c6e99a8bffe777
GSM1401796,GSE58135,True,Normal,study2,02-03-A079c,Uninvolved Breast Tissue Adjacent to TNBC Primary Tumor,Uninvolved Breast Tissue Adjacent to TNBC Primary Tumor,,,,,,not_reported,,"[""tissue: Uninvolved Breast Tissue Adjacent to TNBC Primary Tumor""]",Data/Raw/GSE58135/GSE58135_series_matrix.txt,4159ae4e5eedc5c2bb13577adb85341d1c9d4d201e8a7770d5c6e99a8bffe777
GSM1401797,GSE58135,True,Normal,study2,03-12-A223a,Uninvolved Breast Tissue Adjacent to TNBC Primary Tumor,Uninvolved Breast Tissue Adjacent to TNBC Primary Tumor,,,,,,not_reported,,"[""tissue: Uninvolved Breast Tissue Adjacent to TNBC Primary Tumor""]",Data/Raw/GSE58135/GSE58135_series_matrix.txt,4159ae4e5eedc5c2bb13577adb85341d1c9d4d201e8a7770d5c6e99a8bffe777
GSM1401798,GSE58135,True,Normal,study2,03-12-A387a,Uninvolved Breast Tissue Adjacent to TNBC Primary Tumor,Uninvolved Breast Tissue Adjacent to TNBC Primary Tumor,,,,,,not_reported,,"[""tissue: Uninvolved Breast Tissue Adjacent to TNBC Primary Tumor""]",Data/Raw/GSE58135/GSE58135_series_matrix.txt,4159ae4e5eedc5c2bb13577adb85341d1c9d4d201e8a7770d5c6e99a8bffe777
GSM1401799,GSE58135,True,Normal,study2,04-01-A170a,Uninvolved Breast Tissue Adjacent to TNBC Primary Tumor,Uninvolved Breast Tissue Adjacent to TNBC Primary Tumor,,,,,,not_reported,,"[""tissue: Uninvolved Breast Tissue Adjacent to TNBC Primary Tumor""]",Data/Raw/GSE58135/GSE58135_series_matrix.txt,4159ae4e5eedc5c2bb13577adb85341d1c9d4d201e8a7770d5c6e99a8bffe777
GSM1401800,GSE58135,True,Normal,study2,04-08-A102c,Uninvolved Breast Tissue Adjacent to TNBC Primary Tumor,Uninvolved Breast Tissue Adjacent to TNBC Primary Tumor,,,,,,not_reported,,"[""tissue: Uninvolved Breast Tissue Adjacent to TNBC Primary Tumor""]",Data/Raw/GSE58135/GSE58135_series_matrix.txt,4159ae4e5eedc5c2bb13577adb85341d1c9d4d201e8a7770d5c6e99a8bffe777
GSM1401801,GSE58135,True,Normal,study2,09-06-A090a,Uninvolved Breast Tissue Adjacent to TNBC Primary Tumor,Uninvolved Breast Tissue Adjacent to TNBC Primary Tumor,,,,,,not_reported,,"[""tissue: Uninvolved Breast Tissue Adjacent to TNBC Primary Tumor""]",Data/Raw/GSE58135/GSE58135_series_matrix.txt,4159ae4e5eedc5c2bb13577adb85341d1c9d4d201e8a7770d5c6e99a8bffe777
GSM1401802,GSE58135,True,Normal,study2,10-11-A139a,Uninvolved Breast Tissue Adjacent to TNBC Primary Tumor,Uninvolved Breast Tissue Adjacent to TNBC Primary Tumor,,,,,,not_reported,,"[""tissue: Uninvolved Breast Tissue Adjacent to TNBC Primary Tumor""]",Data/Raw/GSE58135/GSE58135_series_matrix.txt,4159ae4e5eedc5c2bb13577adb85341d1c9d4d201e8a7770d5c6e99a8bffe777
GSM1401803,GSE58135,True,Normal,study2,03-09-A269c,Uninvolved Breast Tissue Adjacent to TNBC Primary Tumor,Uninvolved Breast Tissue Adjacent to TNBC Primary Tumor,,,,,,not_reported,,"[""tissue: Uninvolved Breast Tissue Adjacent to TNBC Primary Tumor""]",Data/Raw/GSE58135/GSE58135_series_matrix.txt,4159ae4e5eedc5c2bb13577adb85341d1c9d4d201e8a7770d5c6e99a8bffe777
GSM1401804,GSE58135,True,Normal,study2,03-10-A452a,Uninvolved Breast Tissue Adjacent to TNBC Primary Tumor,Uninvolved Breast Tissue Adjacent to TNBC Primary Tumor,,,,,,not_reported,,"[""tissue: Uninvolved Breast Tissue Adjacent to TNBC Primary Tumor""]",Data/Raw/GSE58135/GSE58135_series_matrix.txt,4159ae4e5eedc5c2bb13577adb85341d1c9d4d201e8a7770d5c6e99a8bffe777
GSM1401805,GSE58135,True,Normal,study2,06-02-121a,Uninvolved Breast Tissue Adjacent to TNBC Primary Tumor,Uninvolved Breast Tissue Adjacent to TNBC Primary Tumor,,,,,,not_reported,,"[""tissue: Uninvolved Breast Tissue Adjacent to TNBC Primary Tumor""]",Data/Raw/GSE58135/GSE58135_series_matrix.txt,4159ae4e5eedc5c2bb13577adb85341d1c9d4d201e8a7770d5c6e99a8bffe777
GSM1401806,GSE58135,True,Normal,study2,03-12-A155a,Uninvolved Breast Tissue Adjacent to TNBC Primary Tumor,Uninvolved Breast Tissue Adjacent to TNBC Primary Tumor,,,,,,not_reported,,"[""tissue: Uninvolved Breast Tissue Adjacent to TNBC Primary Tumor""]",Data/Raw/GSE58135/GSE58135_series_matrix.txt,4159ae4e5eedc5c2bb13577adb85341d1c9d4d201e8a7770d5c6e99a8bffe777
GSM1401807,GSE58135,True,Normal,study2,04-06-A165a,Uninvolved Breast Tissue Adjacent to TNBC Primary Tumor,Uninvolved Breast Tissue Adjacent to TNBC Primary Tumor,,,,,,not_reported,,"[""tissue: Uninvolved Breast Tissue Adjacent to TNBC Primary Tumor""]",Data/Raw/GSE58135/GSE58135_series_matrix.txt,4159ae4e5eedc5c2bb13577adb85341d1c9d4d201e8a7770d5c6e99a8bffe777
GSM1401808,GSE58135,True,Normal,study2,02-06-A265a,Uninvolved Breast Tissue Adjacent to TNBC Primary Tumor,Uninvolved Breast Tissue Adjacent to TNBC Primary Tumor,,,,,,not_reported,,"[""tissue: Uninvolved Breast Tissue Adjacent to TNBC Primary Tumor""]",Data/Raw/GSE58135/GSE58135_series_matrix.txt,4159ae4e5eedc5c2bb13577adb85341d1c9d4d201e8a7770d5c6e99a8bffe777
GSM1401809,GSE58135,True,Normal,study2,04-08-A021a,Uninvolved Breast Tissue Adjacent to TNBC Primary Tumor,Uninvolved Breast Tissue Adjacent to TNBC Primary Tumor,,,,,,not_reported,,"[""tissue: Uninvolved Breast Tissue Adjacent to TNBC Primary Tumor""]",Data/Raw/GSE58135/GSE58135_series_matrix.txt,4159ae4e5eedc5c2bb13577adb85341d1c9d4d201e8a7770d5c6e99a8bffe777
GSM1401810,GSE58135,True,Normal,study2,02-10-A336b,Uninvolved Breast Tissue Adjacent to TNBC Primary Tumor,Uninvolved Breast Tissue Adjacent to TNBC Primary Tumor,,,,,,not_reported,,"[""tissue: Uninvolved Breast Tissue Adjacent to TNBC Primary Tumor""]",Data/Raw/GSE58135/GSE58135_series_matrix.txt,4159ae4e5eedc5c2bb13577adb85341d1c9d4d201e8a7770d5c6e99a8bffe777
GSM1401811,GSE58135,True,Normal,study2,03-09-A088a,Uninvolved Breast Tissue Adjacent to TNBC Primary Tumor,Uninvolved Breast Tissue Adjacent to TNBC Primary Tumor,,,,,,not_reported,,"[""tissue: Uninvolved Breast Tissue Adjacent to TNBC Primary Tumor""]",Data/Raw/GSE58135/GSE58135_series_matrix.txt,4159ae4e5eedc5c2bb13577adb85341d1c9d4d201e8a7770d5c6e99a8bffe777
GSM1401812,GSE58135,True,Normal,study2,02-04-A023a,Uninvolved Breast Tissue Adjacent to TNBC Primary Tumor,Uninvolved Breast Tissue Adjacent to TNBC Primary Tumor,,,,,,not_reported,,"[""tissue: Uninvolved Breast Tissue Adjacent to TNBC Primary Tumor""]",Data/Raw/GSE58135/GSE58135_series_matrix.txt,4159ae4e5eedc5c2bb13577adb85341d1c9d4d201e8a7770d5c6e99a8bffe777
GSM1401813,GSE58135,True,Normal,study2,01-12-A229c,Uninvolved Breast Tissue Adjacent to TNBC Primary Tumor,Uninvolved Breast Tissue Adjacent to TNBC Primary Tumor,,,,,,not_reported,,"[""tissue: Uninvolved Breast Tissue Adjacent to TNBC Primary Tumor""]",Data/Raw/GSE58135/GSE58135_series_matrix.txt,4159ae4e5eedc5c2bb13577adb85341d1c9d4d201e8a7770d5c6e99a8bffe777
GSM1401814,GSE58135,True,Normal,study2,10-09-A104a,Uninvolved Breast Tissue Adjacent to TNBC Primary Tumor,Uninvolved Breast Tissue Adjacent to TNBC Primary Tumor,,,,,,not_reported,,"[""tissue: Uninvolved Breast Tissue Adjacent to TNBC Primary Tumor""]",Data/Raw/GSE58135/GSE58135_series_matrix.txt,4159ae4e5eedc5c2bb13577adb85341d1c9d4d201e8a7770d5c6e99a8bffe777
GSM1401815,GSE58135,True,Normal,study2,01-09-A216a,Uninvolved Breast Tissue Adjacent to TNBC Primary Tumor,Uninvolved Breast Tissue Adjacent to TNBC Primary Tumor,,,,,,not_reported,,"[""tissue: Uninvolved Breast Tissue Adjacent to TNBC Primary Tumor""]",Data/Raw/GSE58135/GSE58135_series_matrix.txt,4159ae4e5eedc5c2bb13577adb85341d1c9d4d201e8a7770d5c6e99a8bffe777
GSM8185657,GSE263089,False,,,03TR,Breast tumor,Breast tumor,ESR1+ breast cancer,,Without tamoxifen,,,not_reported,unknown,"[""tissue: Breast tumor"", ""disease state: ESR1+ breast cancer"", ""treatment: Without tamoxifen""]",Data/Raw/GSE263089/GSE263089_series_matrix.txt,ff3d74f002a61ad5d808b4532076ca41545dd191b07e8efba4c0d7035a03e492
GSM8185658,GSE263089,False,,,05TR,Breast tumor,Breast tumor,ESR1+ breast cancer,,Without tamoxifen,,,not_reported,unknown,"[""tissue: Breast tumor"", ""disease state: ESR1+ breast cancer"", ""treatment: Without tamoxifen""]",Data/Raw/GSE263089/GSE263089_series_matrix.txt,ff3d74f002a61ad5d808b4532076ca41545dd191b07e8efba4c0d7035a03e492
GSM8185659,GSE263089,False,,,06TR,Breast tumor,Breast tumor,ESR1+ breast cancer,,With tamoxifen,,,not_reported,unknown,"[""tissue: Breast tumor"", ""disease state: ESR1+ breast cancer"", ""treatment: With tamoxifen""]",Data/Raw/GSE263089/GSE263089_series_matrix.txt,ff3d74f002a61ad5d808b4532076ca41545dd191b07e8efba4c0d7035a03e492
GSM8185660,GSE263089,False,,,07TR,Breast tumor,Breast tumor,ESR1+ breast cancer,,Without tamoxifen,,,not_reported,unknown,"[""tissue: Breast tumor"", ""disease state: ESR1+ breast cancer"", ""treatment: Without tamoxifen""]",Data/Raw/GSE263089/GSE263089_series_matrix.txt,ff3d74f002a61ad5d808b4532076ca41545dd191b07e8efba4c0d7035a03e492
GSM8185661,GSE263089,False,,,08TR,Breast tumor,Breast tumor,ESR1+ breast cancer,,With tamoxifen,,,not_reported,unknown,"[""tissue: Breast tumor"", ""disease state: ESR1+ breast cancer"", ""treatment: With tamoxifen""]",Data/Raw/GSE263089/GSE263089_series_matrix.txt,ff3d74f002a61ad5d808b4532076ca41545dd191b07e8efba4c0d7035a03e492
GSM8185662,GSE263089,False,,,09TR,Breast tumor,Breast tumor,ESR1+ breast cancer,,Without tamoxifen,,,not_reported,unknown,"[""tissue: Breast tumor"", ""disease state: ESR1+ breast cancer"", ""treatment: Without tamoxifen""]",Data/Raw/GSE263089/GSE263089_series_matrix.txt,ff3d74f002a61ad5d808b4532076ca41545dd191b07e8efba4c0d7035a03e492
GSM8185663,GSE263089,False,,,10TR,Breast tumor,Breast tumor,ESR1+ breast cancer,,Without tamoxifen,,,not_reported,unknown,"[""tissue: Breast tumor"", ""disease state: ESR1+ breast cancer"", ""treatment: Without tamoxifen""]",Data/Raw/GSE263089/GSE263089_series_matrix.txt,ff3d74f002a61ad5d808b4532076ca41545dd191b07e8efba4c0d7035a03e492
GSM8185664,GSE263089,False,,,13TR,Breast tumor,Breast tumor,ESR1+ breast cancer,,Without tamoxifen,,,not_reported,unknown,"[""tissue: Breast tumor"", ""disease state: ESR1+ breast cancer"", ""treatment: Without tamoxifen""]",Data/Raw/GSE263089/GSE263089_series_matrix.txt,ff3d74f002a61ad5d808b4532076ca41545dd191b07e8efba4c0d7035a03e492
GSM8185665,GSE263089,False,,,15TR,Breast tumor,Breast tumor,ESR1+ breast cancer,,Without tamoxifen,,,not_reported,unknown,"[""tissue: Breast tumor"", ""disease state: ESR1+ breast cancer"", ""treatment: Without tamoxifen""]",Data/Raw/GSE263089/GSE263089_series_matrix.txt,ff3d74f002a61ad5d808b4532076ca41545dd191b07e8efba4c0d7035a03e492
GSM8185666,GSE263089,False,,,16TR,Breast tumor,Breast tumor,ESR1+ breast cancer,,Without tamoxifen,,,not_reported,unknown,"[""tissue: Breast tumor"", ""disease state: ESR1+ breast cancer"", ""treatment: Without tamoxifen""]",Data/Raw/GSE263089/GSE263089_series_matrix.txt,ff3d74f002a61ad5d808b4532076ca41545dd191b07e8efba4c0d7035a03e492
GSM8185667,GSE263089,False,,,18TR,Breast tumor,Breast tumor,ESR1+ breast cancer,,With tamoxifen,,,not_reported,unknown,"[""tissue: Breast tumor"", ""disease state: ESR1+ breast cancer"", ""treatment: With tamoxifen""]",Data/Raw/GSE263089/GSE263089_series_matrix.txt,ff3d74f002a61ad5d808b4532076ca41545dd191b07e8efba4c0d7035a03e492
GSM8185668,GSE263089,False,,,21TR,Breast tumor,Breast tumor,ESR1+ breast cancer,,Without tamoxifn,,,not_reported,unknown,"[""tissue: Breast tumor"", ""disease state: ESR1+ breast cancer"", ""treatment: Without tamoxifn""]",Data/Raw/GSE263089/GSE263089_series_matrix.txt,ff3d74f002a61ad5d808b4532076ca41545dd191b07e8efba4c0d7035a03e492
GSM8185669,GSE263089,False,,,22TR,Breast tumor,Breast tumor,ESR1+ breast cancer,,With tamoxifen,,,not_reported,unknown,"[""tissue: Breast tumor"", ""disease state: ESR1+ breast cancer"", ""treatment: With tamoxifen""]",Data/Raw/GSE263089/GSE263089_series_matrix.txt,ff3d74f002a61ad5d808b4532076ca41545dd191b07e8efba4c0d7035a03e492
GSM8185670,GSE263089,False,,,23TR,Breast tumor,Breast tumor,ESR1+ breast cancer,,Without tamoxifen,,,not_reported,unknown,"[""tissue: Breast tumor"", ""disease state: ESR1+ breast cancer"", ""treatment: Without tamoxifen""]",Data/Raw/GSE263089/GSE263089_series_matrix.txt,ff3d74f002a61ad5d808b4532076ca41545dd191b07e8efba4c0d7035a03e492
GSM8185671,GSE263089,False,,,24TR,Breast tumor,Breast tumor,ESR1+ breast cancer,,Without tamoxifen,,,not_reported,unknown,"[""tissue: Breast tumor"", ""disease state: ESR1+ breast cancer"", ""treatment: Without tamoxifen""]",Data/Raw/GSE263089/GSE263089_series_matrix.txt,ff3d74f002a61ad5d808b4532076ca41545dd191b07e8efba4c0d7035a03e492
GSM8185672,GSE263089,False,,,29TR,Breast tumor,Breast tumor,ESR1+ breast cancer,,Without tamoxifen,,,not_reported,unknown,"[""tissue: Breast tumor"", ""disease state: ESR1+ breast cancer"", ""treatment: Without tamoxifen""]",Data/Raw/GSE263089/GSE263089_series_matrix.txt,ff3d74f002a61ad5d808b4532076ca41545dd191b07e8efba4c0d7035a03e492
GSM8185673,GSE263089,False,,,30TR,Breast tumor,Breast tumor,ESR1+ breast cancer,,With tamoxifen,,,not_reported,unknown,"[""tissue: Breast tumor"", ""disease state: ESR1+ breast cancer"", ""treatment: With tamoxifen""]",Data/Raw/GSE263089/GSE263089_series_matrix.txt,ff3d74f002a61ad5d808b4532076ca41545dd191b07e8efba4c0d7035a03e492
GSM8185674,GSE263089,False,,,32TR,Breast tumor,Breast tumor,ESR1+ breast cancer,,Without tamoxifen,,,not_reported,unknown,"[""tissue: Breast tumor"", ""disease state: ESR1+ breast cancer"", ""treatment: Without tamoxifen""]",Data/Raw/GSE263089/GSE263089_series_matrix.txt,ff3d74f002a61ad5d808b4532076ca41545dd191b07e8efba4c0d7035a03e492
GSM8185675,GSE263089,False,,,33TR,Breast tumor,Breast tumor,ESR1+ breast cancer,,Without tamoxifen,,,not_reported,unknown,"[""tissue: Breast tumor"", ""disease state: ESR1+ breast cancer"", ""treatment: Without tamoxifen""]",Data/Raw/GSE263089/GSE263089_series_matrix.txt,ff3d74f002a61ad5d808b4532076ca41545dd191b07e8efba4c0d7035a03e492
GSM8185676,GSE263089,False,,,35TR,Breast tumor,Breast tumor,ESR1+ breast cancer,,Without tamoxifen,,,not_reported,unknown,"[""tissue: Breast tumor"", ""disease state: ESR1+ breast cancer"", ""treatment: Without tamoxifen""]",Data/Raw/GSE263089/GSE263089_series_matrix.txt,ff3d74f002a61ad5d808b4532076ca41545dd191b07e8efba4c0d7035a03e492
GSM8185677,GSE263089,False,,,36TR,Breast tumor,Breast tumor,ESR1+ breast cancer,,With tamoxifen,,,not_reported,unknown,"[""tissue: Breast tumor"", ""disease state: ESR1+ breast cancer"", ""treatment: With tamoxifen""]",Data/Raw/GSE263089/GSE263089_series_matrix.txt,ff3d74f002a61ad5d808b4532076ca41545dd191b07e8efba4c0d7035a03e492
GSM8185678,GSE263089,False,,,39TR,Breast tumor,Breast tumor,ESR1+ breast cancer,,Without tamoxifen,,,not_reported,unknown,"[""tissue: Breast tumor"", ""disease state: ESR1+ breast cancer"", ""treatment: Without tamoxifen""]",Data/Raw/GSE263089/GSE263089_series_matrix.txt,ff3d74f002a61ad5d808b4532076ca41545dd191b07e8efba4c0d7035a03e492
GSM8185679,GSE263089,False,,,14TR,Breast tumor,Breast tumor,ESR1+ breast cancer,,Without tamoxifen,,,not_reported,unknown,"[""tissue: Breast tumor"", ""disease state: ESR1+ breast cancer"", ""treatment: Without tamoxifen""]",Data/Raw/GSE263089/GSE263089_series_matrix.txt,ff3d74f002a61ad5d808b4532076ca41545dd191b07e8efba4c0d7035a03e492
GSM8185680,GSE263089,False,,,19TR,Breast tumor,Breast tumor,ESR1+ breast cancer,,With tamoxifen,,,not_reported,unknown,"[""tissue: Breast tumor"", ""disease state: ESR1+ breast cancer"", ""treatment: With tamoxifen""]",Data/Raw/GSE263089/GSE263089_series_matrix.txt,ff3d74f002a61ad5d808b4532076ca41545dd191b07e8efba4c0d7035a03e492
GSM8185681,GSE263089,False,,,20TR,Breast tumor,Breast tumor,ESR1+ breast cancer,,Without tamoxifen,,,not_reported,unknown,"[""tissue: Breast tumor"", ""disease state: ESR1+ breast cancer"", ""treatment: Without tamoxifen""]",Data/Raw/GSE263089/GSE263089_series_matrix.txt,ff3d74f002a61ad5d808b4532076ca41545dd191b07e8efba4c0d7035a03e492
GSM8185682,GSE263089,False,,,25TR,Breast tumor,Breast tumor,ESR1+ breast cancer,,With tamoxifen,,,not_reported,unknown,"[""tissue: Breast tumor"", ""disease state: ESR1+ breast cancer"", ""treatment: With tamoxifen""]",Data/Raw/GSE263089/GSE263089_series_matrix.txt,ff3d74f002a61ad5d808b4532076ca41545dd191b07e8efba4c0d7035a03e492
GSM8185683,GSE263089,False,,,26TR,Breast tumor,Breast tumor,ESR1+ breast cancer,,With tamoxifen,,,not_reported,unknown,"[""tissue: Breast tumor"", ""disease state: ESR1+ breast cancer"", ""treatment: With tamoxifen""]",Data/Raw/GSE263089/GSE263089_series_matrix.txt,ff3d74f002a61ad5d808b4532076ca41545dd191b07e8efba4c0d7035a03e492
GSM8185684,GSE263089,False,,,27TR,Breast tumor,Breast tumor,ESR1+ breast cancer,,Without tamoxifen,,,not_reported,unknown,"[""tissue: Breast tumor"", ""disease state: ESR1+ breast cancer"", ""treatment: Without tamoxifen""]",Data/Raw/GSE263089/GSE263089_series_matrix.txt,ff3d74f002a61ad5d808b4532076ca41545dd191b07e8efba4c0d7035a03e492
GSM8185685,GSE263089,False,,,31TR,Breast tumor,Breast tumor,ESR1+ breast cancer,,Without tamoxifen,,,not_reported,unknown,"[""tissue: Breast tumor"", ""disease state: ESR1+ breast cancer"", ""treatment: Without tamoxifen""]",Data/Raw/GSE263089/GSE263089_series_matrix.txt,ff3d74f002a61ad5d808b4532076ca41545dd191b07e8efba4c0d7035a03e492
GSM8185686,GSE263089,False,,,34TR,Breast tumor,Breast tumor,ESR1+ breast cancer,,With tamoxifen,,,not_reported,unknown,"[""tissue: Breast tumor"", ""disease state: ESR1+ breast cancer"", ""treatment: With tamoxifen""]",Data/Raw/GSE263089/GSE263089_series_matrix.txt,ff3d74f002a61ad5d808b4532076ca41545dd191b07e8efba4c0d7035a03e492
GSM8185687,GSE263089,False,,,37TR,Breast tumor,Breast tumor,ESR1+ breast cancer,,With tamoxifen,,,not_reported,unknown,"[""tissue: Breast tumor"", ""disease state: ESR1+ breast cancer"", ""treatment: With tamoxifen""]",Data/Raw/GSE263089/GSE263089_series_matrix.txt,ff3d74f002a61ad5d808b4532076ca41545dd191b07e8efba4c0d7035a03e492
GSM8185688,GSE263089,False,,,38TR,Breast tumor,Breast tumor,ESR1+ breast cancer,,With tamoxifen,,,not_reported,unknown,"[""tissue: Breast tumor"", ""disease state: ESR1+ breast cancer"", ""treatment: With tamoxifen""]",Data/Raw/GSE263089/GSE263089_series_matrix.txt,ff3d74f002a61ad5d808b4532076ca41545dd191b07e8efba4c0d7035a03e492
GSM8185689,GSE263089,False,,,41TR,Breast tumor,Breast tumor,ESR1+ breast cancer,,With tamoxifen,,,not_reported,unknown,"[""tissue: Breast tumor"", ""disease state: ESR1+ breast cancer"", ""treatment: With tamoxifen""]",Data/Raw/GSE263089/GSE263089_series_matrix.txt,ff3d74f002a61ad5d808b4532076ca41545dd191b07e8efba4c0d7035a03e492
GSM8185690,GSE263089,False,,,28TR,Breast tumor,Breast tumor,ESR1+ breast cancer,,With tamoxifen,,,not_reported,unknown,"[""tissue: Breast tumor"", ""disease state: ESR1+ breast cancer"", ""treatment: With tamoxifen""]",Data/Raw/GSE263089/GSE263089_series_matrix.txt,ff3d74f002a61ad5d808b4532076ca41545dd191b07e8efba4c0d7035a03e492
GSM8185691,GSE263089,False,,,40TR,Breast tumor,Breast tumor,ESR1+ breast cancer,,With tamoxifen,,,not_reported,unknown,"[""tissue: Breast tumor"", ""disease state: ESR1+ breast cancer"", ""treatment: With tamoxifen""]",Data/Raw/GSE263089/GSE263089_series_matrix.txt,ff3d74f002a61ad5d808b4532076ca41545dd191b07e8efba4c0d7035a03e492
